"ID","Sex","Treatment","Familiarity","Host","Status","Experiment","HostStrain","Line","Day","Wt","Pct"
10541,"F","1X","UNF","BALBF","Passaged","BALBintoBL6","C57BL/6","A",0,22.7,1
10719,"F","1X","UNF","BALBF","Passaged","BALBintoBL6","C57BL/6","A",0,19.4,1
10725,"F","1X","UNF","BALBF","Passaged","BALBintoBL6","C57BL/6","B",0,18.6,1
10554,"F","1X","UNF","BALBF","Passaged","BALBintoBL6","C57BL/6","B",0,21,1
10709,"F","1X","UNF","BALBF","Passaged","BALBintoBL6","C57BL/6","C",0,17.8,1
10713,"F","1X","UNF","BALBF","Passaged","BALBintoBL6","C57BL/6","C",0,17.3,1
10733,"F","1X","UNF","BALBF","Passaged","BALBintoBL6","C57BL/6","D",0,20,1
10717,"F","1X","UNF","BALBF","Passaged","BALBintoBL6","C57BL/6","D",0,19.3,1
10467,"F","1XP","UNF","BALBF","Passaged","BALBintoBL6","C57BL/6","A+B+C+D",0,20.6,1
10706,"F","1XP","UNF","BALBF","Passaged","BALBintoBL6","C57BL/6","A+B+C+D",0,16.7,1
10728,"F","1XP","UNF","BALBF","Passaged","BALBintoBL6","C57BL/6","A+B+C+D",0,18.5,1
10712,"F","1XP","UNF","BALBF","Passaged","BALBintoBL6","C57BL/6","A+B+C+D",0,18.3,1
10476,"F","1XP","UNF","BALBF","Passaged","BALBintoBL6","C57BL/6","A+B+C+D",0,20.1,1
10589,"F","1XP","UNF","BALBF","Passaged","BALBintoBL6","C57BL/6","A+B+C+D",0,21.1,1
10708,"F","2X","UNF","BALBF","Passaged","BALBintoBL6","C57BL/6","AB",0,18.8,1
10542,"F","2X","UNF","BALBF","Passaged","BALBintoBL6","C57BL/6","AB",0,24.6,1
10555,"F","2X","UNF","BALBF","Passaged","BALBintoBL6","C57BL/6","AB",0,22.7,1
10670,"F","2X","UNF","BALBF","Passaged","BALBintoBL6","C57BL/6","AB",0,16.4,1
10710,"F","2X","UNF","BALBF","Passaged","BALBintoBL6","C57BL/6","CD",0,18.2,1
10722,"F","2X","UNF","BALBF","Passaged","BALBintoBL6","C57BL/6","CD",0,19.1,1
10714,"F","2X","UNF","BALBF","Passaged","BALBintoBL6","C57BL/6","CD",0,17.9,1
10718,"F","2X","UNF","BALBF","Passaged","BALBintoBL6","C57BL/6","CD",0,19.2,1
10711,"F","4X","UNF","BALBF","Passaged","BALBintoBL6","C57BL/6","ABCD",0,19.5,1
10716,"F","4X","UNF","BALBF","Passaged","BALBintoBL6","C57BL/6","ABCD",0,17.1,1
10543,"F","4X","UNF","BALBF","Passaged","BALBintoBL6","C57BL/6","ABCD",0,27.2,1
10671,"F","4X","UNF","BALBF","Passaged","BALBintoBL6","C57BL/6","ABCD",0,18.7,1
10715,"F","4X","UNF","BALBF","Passaged","BALBintoBL6","C57BL/6","ABCD",0,18,1
10466,"F","4X","UNF","BALBF","Passaged","BALBintoBL6","C57BL/6","ABCD",0,21,1
10659,"F","1X","UNF","BL6F","Passaged","BL6intoBALB","BALB/C","E",0,20.7,1
10680,"F","1X","UNF","BL6F","Passaged","BL6intoBALB","BALB/C","E",0,19.5,1
10778,"F","1X","UNF","BL6F","Passaged","BL6intoBALB","BALB/C","F",0,22.5,1
10786,"F","1X","UNF","BL6F","Passaged","BL6intoBALB","BALB/C","F",0,22.6,1
10575,"F","1X","UNF","BL6F","Passaged","BL6intoBALB","BALB/C","G",0,23.7,1
10611,"F","1X","UNF","BL6F","Passaged","BL6intoBALB","BALB/C","G",0,22.1,1
10787,"F","1X","UNF","BL6F","Passaged","BL6intoBALB","BALB/C","H",0,20.4,1
10796,"F","1X","UNF","BL6F","Passaged","BL6intoBALB","BALB/C","H",0,23.1,1
10679,"F","1XP","UNF","BL6F","Passaged","BL6intoBALB","BALB/C","E+F+G+H",0,19.2,1
10782,"F","1XP","UNF","BL6F","Passaged","BL6intoBALB","BALB/C","E+F+G+H",0,20,1
10577,"F","1XP","UNF","BL6F","Passaged","BL6intoBALB","BALB/C","E+F+G+H",0,22.9,1
10780,"F","1XP","UNF","BL6F","Passaged","BL6intoBALB","BALB/C","E+F+G+H",0,21.3,1
10784,"F","1XP","UNF","BL6F","Passaged","BL6intoBALB","BALB/C","E+F+G+H",0,21.8,1
10794,"F","1XP","UNF","BL6F","Passaged","BL6intoBALB","BALB/C","E+F+G+H",0,23.3,1
10576,"F","4X","UNF","BL6F","Passaged","BL6intoBALB","BALB/C","EFGH",0,21.7,1
10660,"F","4X","UNF","BL6F","Passaged","BL6intoBALB","BALB/C","EFGH",0,21.6,1
10681,"F","4X","UNF","BL6F","Passaged","BL6intoBALB","BALB/C","EFGH",0,24.3,1
10779,"F","4X","UNF","BL6F","Passaged","BL6intoBALB","BALB/C","EFGH",0,22.1,1
10783,"F","4X","UNF","BL6F","Passaged","BL6intoBALB","BALB/C","EFGH",0,21.4,1
10789,"F","4X","UNF","BL6F","Passaged","BL6intoBALB","BALB/C","EFGH",0,24,1
10453,"F","1X","FAM","BALBF","Passaged","HK68BALB","BALB/C","A",0,21.8,1
10563,"F","1X","FAM","BALBF","Passaged","HK68BALB","BALB/C","A",0,21.4,1
10362,"F","1X","FAM","BALBF","Passaged","HK68BALB","BALB/C","B",0,21.4,1
10618,"F","1X","FAM","BALBF","Passaged","HK68BALB","BALB/C","B",0,20.9,1
10633,"F","1X","FAM","BALBF","Passaged","HK68BALB","BALB/C","C",0,21.5,1
10628,"F","1X","FAM","BALBF","Passaged","HK68BALB","BALB/C","C",0,20.1,1
10567,"F","1X","FAM","BALBF","Passaged","HK68BALB","BALB/C","D",0,19,1
10638,"F","1X","FAM","BALBF","Passaged","HK68BALB","BALB/C","D",0,19,1
10328,"M","1X","FAM","BALBM","Passaged","HK68BALB","BALB/C","I",0,34.2,1
10579,"M","1X","FAM","BALBM","Passaged","HK68BALB","BALB/C","I",0,26.1,1
10290,"M","1X","FAM","BALBM","Passaged","HK68BALB","BALB/C","J",0,27.8,1
10666,"M","1X","FAM","BALBM","Passaged","HK68BALB","BALB/C","J",0,24.3,1
10568,"M","1X","FAM","BALBM","Passaged","HK68BALB","BALB/C","K",0,30.8,1
10614,"M","1X","FAM","BALBM","Passaged","HK68BALB","BALB/C","K",0,24.6,1
10587,"M","1X","FAM","BALBM","Passaged","HK68BALB","BALB/C","L",0,27,1
10668,"M","1X","FAM","BALBM","Passaged","HK68BALB","BALB/C","L",0,24.3,1
10566,"F","1XP","FAM","BALBF","Passaged","HK68BALB","BALB/C","A+B+C+D",0,21,1
10636,"F","1XP","FAM","BALBF","Passaged","HK68BALB","BALB/C","A+B+C+D",0,23.3,1
105671,"F","1XP","FAM","BALBF","Passaged","HK68BALB","BALB/C","A+B+C+D",0,23.8,1
10450,"F","1XP","FAM","BALBF","Passaged","HK68BALB","BALB/C","A+B+C+D",0,19.3,1
10621,"F","1XP","FAM","BALBF","Passaged","HK68BALB","BALB/C","A+B+C+D",0,20.9,1
10631,"F","1XP","FAM","BALBF","Passaged","HK68BALB","BALB/C","A+B+C+D",0,22,1
10291,"M","1XP","FAM","BALBM","Passaged","HK68BALB","BALB/C","I+J+K+L",0,26.9,1
10460,"M","1XP","FAM","BALBM","Passaged","HK68BALB","BALB/C","I+J+K+L",0,27.6,1
10588,"M","1XP","FAM","BALBM","Passaged","HK68BALB","BALB/C","I+J+K+L",0,26.1,1
10617,"M","1XP","FAM","BALBM","Passaged","HK68BALB","BALB/C","I+J+K+L",0,27.8,1
10657,"M","1XP","FAM","BALBM","Passaged","HK68BALB","BALB/C","I+J+K+L",0,21,1
10658,"M","1XP","FAM","BALBM","Passaged","HK68BALB","BALB/C","I+J+K+L",0,25.3,1
10454,"F","2X","FAM","BALBF","Passaged","HK68BALB","BALB/C","AB",0,22.7,1
10564,"F","2X","FAM","BALBF","Passaged","HK68BALB","BALB/C","AB",0,20.3,1
10619,"F","2X","FAM","BALBF","Passaged","HK68BALB","BALB/C","AB",0,21,1
10641,"F","2X","FAM","BALBF","Passaged","HK68BALB","BALB/C","AB",0,19.9,1
10629,"F","2X","FAM","BALBF","Passaged","HK68BALB","BALB/C","CD",0,21,1
10634,"F","2X","FAM","BALBF","Passaged","HK68BALB","BALB/C","CD",0,20.8,1
10506,"F","2X","FAM","BALBF","Passaged","HK68BALB","BALB/C","CD",0,22.1,1
10639,"F","2X","FAM","BALBF","Passaged","HK68BALB","BALB/C","CD",0,21.1,1
10271,"M","2X","FAM","BALBM","Passaged","HK68BALB","BALB/C","IJ",0,30.9,1
10329,"M","2X","FAM","BALBM","Passaged","HK68BALB","BALB/C","IJ",0,34.6,1
10656,"M","2X","FAM","BALBM","Passaged","HK68BALB","BALB/C","IJ",0,23.6,1
10582,"M","2X","FAM","BALBM","Passaged","HK68BALB","BALB/C","KL",0,25.1,1
10615,"M","2X","FAM","BALBM","Passaged","HK68BALB","BALB/C","KL",0,27.4,1
10569,"M","2X","FAM","BALBM","Passaged","HK68BALB","BALB/C","KL",0,28.7,1
10620,"F","4X","FAM","BALBF","Passaged","HK68BALB","BALB/C","ABCD",0,21.3,1
10635,"F","4X","FAM","BALBF","Passaged","HK68BALB","BALB/C","ABCD",0,19,1
10645,"F","4X","FAM","BALBF","Passaged","HK68BALB","BALB/C","ABCD",0,20.4,1
10646,"F","4X","FAM","BALBF","Passaged","HK68BALB","BALB/C","ABCD",0,19.9,1
10455,"F","4X","FAM","BALBF","Passaged","HK68BALB","BALB/C","ABCD",0,21.3,1
10630,"F","4X","FAM","BALBF","Passaged","HK68BALB","BALB/C","ABCD",0,22.3,1
10570,"M","4X","FAM","BALBM","Passaged","HK68BALB","BALB/C","IJKL",0,29,1
10292,"M","4X","FAM","BALBM","Passaged","HK68BALB","BALB/C","IJKL",0,29.3,1
10333,"M","4X","FAM","BALBM","Passaged","HK68BALB","BALB/C","IJKL",0,29.5,1
10338,"M","4X","FAM","BALBM","Passaged","HK68BALB","BALB/C","IJKL",0,39.1,1
10342,"M","4X","FAM","BALBM","Passaged","HK68BALB","BALB/C","IJKL",0,28.9,1
10616,"M","4X","FAM","BALBM","Passaged","HK68BALB","BALB/C","IJKL",0,27.6,1
10652,"F","STOCK","FAM","BALBF","Unpassaged","HK68BALB","BALB/C","Stock",0,22.4,1
10662,"F","STOCK","FAM","BALBF","Unpassaged","HK68BALB","BALB/C","Stock",0,19.8,1
10781,"F","STOCK","FAM","BALBF","Unpassaged","HK68BALB","BALB/C","Stock",0,25,1
10785,"F","STOCK","FAM","BALBF","Unpassaged","HK68BALB","BALB/C","Stock",0,19.6,1
10791,"F","STOCK","FAM","BALBF","Unpassaged","HK68BALB","BALB/C","Stock",0,24.1,1
10797,"F","STOCK","FAM","BALBF","Unpassaged","HK68BALB","BALB/C","Stock",0,20.6,1
10682,"M","STOCK","FAM","BALBM","Unpassaged","HK68BALB","BALB/C","Stock",0,26.1,1
10684,"M","STOCK","FAM","BALBM","Unpassaged","HK68BALB","BALB/C","Stock",0,24.4,1
10685,"M","STOCK","FAM","BALBM","Unpassaged","HK68BALB","BALB/C","Stock",0,24,1
10686,"M","STOCK","FAM","BALBM","Unpassaged","HK68BALB","BALB/C","Stock",0,24.2,1
10687,"M","STOCK","FAM","BALBM","Unpassaged","HK68BALB","BALB/C","Stock",0,24.5,1
10688,"M","STOCK","FAM","BALBM","Unpassaged","HK68BALB","BALB/C","Stock",0,24.3,1
10743,"F","1X","FAM","BL6F","Passaged","HK68BL6","C57BL/6","E",0,21.3,1
10737,"F","1X","FAM","BL6F","Passaged","HK68BL6","C57BL/6","E",0,20.8,1
10768,"F","1X","FAM","BL6F","Passaged","HK68BL6","C57BL/6","F",0,20.2,1
10773,"F","1X","FAM","BL6F","Passaged","HK68BL6","C57BL/6","F",0,19.6,1
10753,"F","1X","FAM","BL6F","Passaged","HK68BL6","C57BL/6","G",0,20.1,1
10763,"F","1X","FAM","BL6F","Passaged","HK68BL6","C57BL/6","G",0,19.8,1
10757,"F","1X","FAM","BL6F","Passaged","HK68BL6","C57BL/6","H",0,21.5,1
10777,"F","1X","FAM","BL6F","Passaged","HK68BL6","C57BL/6","H",0,19,1
10766,"F","1XP","FAM","BL6F","Passaged","HK68BL6","C57BL/6","E+F+G+H",0,20.3,1
10775,"F","1XP","FAM","BL6F","Passaged","HK68BL6","C57BL/6","E+F+G+H",0,22.4,1
10756,"F","1XP","FAM","BL6F","Passaged","HK68BL6","C57BL/6","E+F+G+H",0,19.8,1
10771,"F","1XP","FAM","BL6F","Passaged","HK68BL6","C57BL/6","E+F+G+H",0,19.6,1
10746,"F","1XP","FAM","BL6F","Passaged","HK68BL6","C57BL/6","E+F+G+H",0,20.4,1
10740,"F","1XP","FAM","BL6F","Passaged","HK68BL6","C57BL/6","E+F+G+H",0,20.4,1
10769,"F","2X","FAM","BL6F","Passaged","HK68BL6","C57BL/6","EF",0,19.1,1
10738,"F","2X","FAM","BL6F","Passaged","HK68BL6","C57BL/6","EF",0,20.7,1
10744,"F","2X","FAM","BL6F","Passaged","HK68BL6","C57BL/6","EF",0,20.1,1
10774,"F","2X","FAM","BL6F","Passaged","HK68BL6","C57BL/6","EF",0,20.6,1
10754,"F","2X","FAM","BL6F","Passaged","HK68BL6","C57BL/6","GH",0,19.4,1
10762,"F","2X","FAM","BL6F","Passaged","HK68BL6","C57BL/6","GH",0,18.3,1
10764,"F","2X","FAM","BL6F","Passaged","HK68BL6","C57BL/6","GH",0,21.7,1
10772,"F","2X","FAM","BL6F","Passaged","HK68BL6","C57BL/6","GH",0,19,1
10765,"F","4X","FAM","BL6F","Passaged","HK68BL6","C57BL/6","EFGH",0,21.5,1
10760,"F","4X","FAM","BL6F","Passaged","HK68BL6","C57BL/6","EFGH",0,19.9,1
10739,"F","4X","FAM","BL6F","Passaged","HK68BL6","C57BL/6","EFGH",0,21.1,1
10745,"F","4X","FAM","BL6F","Passaged","HK68BL6","C57BL/6","EFGH",0,21.8,1
10755,"F","4X","FAM","BL6F","Passaged","HK68BL6","C57BL/6","EFGH",0,19.6,1
10776,"F","4X","FAM","BL6F","Passaged","HK68BL6","C57BL/6","EFGH",0,19.3,1
8335,"F","STOCK","FAM","BL6F","Unpassaged","HK68BL6","C57BL/6","Stock",0,20.8,1
8336,"F","STOCK","FAM","BL6F","Unpassaged","HK68BL6","C57BL/6","Stock",0,22.3,1
8337,"F","STOCK","FAM","BL6F","Unpassaged","HK68BL6","C57BL/6","Stock",0,20,1
8338,"F","STOCK","FAM","BL6F","Unpassaged","HK68BL6","C57BL/6","Stock",0,21,1
8339,"F","STOCK","FAM","BL6F","Unpassaged","HK68BL6","C57BL/6","Stock",0,21,1
6642,"F","STOCK","FAM","BALBF","Unpassaged","HK68BALB","BALB/C","Stock",0,26,1
6774,"F","STOCK","FAM","BALBF","Unpassaged","HK68BALB","BALB/C","Stock",0,19.4,1
6827,"F","STOCK","FAM","BALBF","Unpassaged","HK68BALB","BALB/C","Stock",0,18.8,1
6828,"F","STOCK","FAM","BALBF","Unpassaged","HK68BALB","BALB/C","Stock",0,20.9,1
10605,"M","STOCK","FAM","BALBM","Unpassaged","HK68BALB","BALB/C","Stock",0,28.6,1
6831,"M","STOCK","FAM","BALBM","Unpassaged","HK68BALB","BALB/C","Stock",0,23.6,1
6779,"M","STOCK","FAM","BALBM","Unpassaged","HK68BALB","BALB/C","Stock",0,26.5,1
7068,"F","STOCK","FAM","BL6F","Unpassaged","HK68BL6","C57BL/6","Stock",0,23,1
7069,"F","STOCK","FAM","BL6F","Unpassaged","HK68BL6","C57BL/6","Stock",0,21.2,1
7070,"F","STOCK","FAM","BL6F","Unpassaged","HK68BL6","C57BL/6","Stock",0,21.3,1
7071,"F","STOCK","FAM","BL6F","Unpassaged","HK68BL6","C57BL/6","Stock",0,19.3,1
7072,"F","STOCK","FAM","BL6F","Unpassaged","HK68BL6","C57BL/6","Stock",0,22,1
10541,"F","1X","UNF","BALBF","Passaged","BALBintoBL6","C57BL/6","A",1,22,0.97
10719,"F","1X","UNF","BALBF","Passaged","BALBintoBL6","C57BL/6","A",1,19.5,1.01
10725,"F","1X","UNF","BALBF","Passaged","BALBintoBL6","C57BL/6","B",1,18.6,1
10554,"F","1X","UNF","BALBF","Passaged","BALBintoBL6","C57BL/6","B",1,20.1,0.96
10709,"F","1X","UNF","BALBF","Passaged","BALBintoBL6","C57BL/6","C",1,17.3,0.97
10713,"F","1X","UNF","BALBF","Passaged","BALBintoBL6","C57BL/6","C",1,17,0.98
10733,"F","1X","UNF","BALBF","Passaged","BALBintoBL6","C57BL/6","D",1,19.6,0.98
10717,"F","1X","UNF","BALBF","Passaged","BALBintoBL6","C57BL/6","D",1,18.9,0.98
10467,"F","1XP","UNF","BALBF","Passaged","BALBintoBL6","C57BL/6","A+B+C+D",1,19.4,0.94
10706,"F","1XP","UNF","BALBF","Passaged","BALBintoBL6","C57BL/6","A+B+C+D",1,16.1,0.96
10728,"F","1XP","UNF","BALBF","Passaged","BALBintoBL6","C57BL/6","A+B+C+D",1,17.7,0.96
10712,"F","1XP","UNF","BALBF","Passaged","BALBintoBL6","C57BL/6","A+B+C+D",1,17.6,0.96
10476,"F","1XP","UNF","BALBF","Passaged","BALBintoBL6","C57BL/6","A+B+C+D",1,19,0.95
10589,"F","1XP","UNF","BALBF","Passaged","BALBintoBL6","C57BL/6","A+B+C+D",1,19.7,0.93
10708,"F","2X","UNF","BALBF","Passaged","BALBintoBL6","C57BL/6","AB",1,18.1,0.96
10542,"F","2X","UNF","BALBF","Passaged","BALBintoBL6","C57BL/6","AB",1,24.6,1
10555,"F","2X","UNF","BALBF","Passaged","BALBintoBL6","C57BL/6","AB",1,22.1,0.97
10670,"F","2X","UNF","BALBF","Passaged","BALBintoBL6","C57BL/6","AB",1,15.9,0.97
10710,"F","2X","UNF","BALBF","Passaged","BALBintoBL6","C57BL/6","CD",1,17.2,0.95
10722,"F","2X","UNF","BALBF","Passaged","BALBintoBL6","C57BL/6","CD",1,19,0.99
10714,"F","2X","UNF","BALBF","Passaged","BALBintoBL6","C57BL/6","CD",1,18.1,1.01
10718,"F","2X","UNF","BALBF","Passaged","BALBintoBL6","C57BL/6","CD",1,18.8,0.98
10711,"F","4X","UNF","BALBF","Passaged","BALBintoBL6","C57BL/6","ABCD",1,18.5,0.95
10716,"F","4X","UNF","BALBF","Passaged","BALBintoBL6","C57BL/6","ABCD",1,16.1,0.94
10543,"F","4X","UNF","BALBF","Passaged","BALBintoBL6","C57BL/6","ABCD",1,25.8,0.95
10671,"F","4X","UNF","BALBF","Passaged","BALBintoBL6","C57BL/6","ABCD",1,17.4,0.93
10715,"F","4X","UNF","BALBF","Passaged","BALBintoBL6","C57BL/6","ABCD",1,17.2,0.96
10466,"F","4X","UNF","BALBF","Passaged","BALBintoBL6","C57BL/6","ABCD",1,20.4,0.97
10659,"F","1X","UNF","BL6F","Passaged","BL6intoBALB","BALB/C","E",1,20.5,0.99
10680,"F","1X","UNF","BL6F","Passaged","BL6intoBALB","BALB/C","E",1,19.4,0.99
10778,"F","1X","UNF","BL6F","Passaged","BL6intoBALB","BALB/C","F",1,23.1,1.03
10786,"F","1X","UNF","BL6F","Passaged","BL6intoBALB","BALB/C","F",1,22.1,0.98
10575,"F","1X","UNF","BL6F","Passaged","BL6intoBALB","BALB/C","G",1,23.4,0.99
10611,"F","1X","UNF","BL6F","Passaged","BL6intoBALB","BALB/C","G",1,22.3,1.01
10787,"F","1X","UNF","BL6F","Passaged","BL6intoBALB","BALB/C","H",1,20.6,1.01
10796,"F","1X","UNF","BL6F","Passaged","BL6intoBALB","BALB/C","H",1,22.3,0.97
10679,"F","1XP","UNF","BL6F","Passaged","BL6intoBALB","BALB/C","E+F+G+H",1,18.7,0.97
10782,"F","1XP","UNF","BL6F","Passaged","BL6intoBALB","BALB/C","E+F+G+H",1,19.9,1
10577,"F","1XP","UNF","BL6F","Passaged","BL6intoBALB","BALB/C","E+F+G+H",1,22.9,1
10780,"F","1XP","UNF","BL6F","Passaged","BL6intoBALB","BALB/C","E+F+G+H",1,21.4,1
10784,"F","1XP","UNF","BL6F","Passaged","BL6intoBALB","BALB/C","E+F+G+H",1,22.5,1.03
10794,"F","1XP","UNF","BL6F","Passaged","BL6intoBALB","BALB/C","E+F+G+H",1,22.7,0.97
10576,"F","4X","UNF","BL6F","Passaged","BL6intoBALB","BALB/C","EFGH",1,21.6,1
10660,"F","4X","UNF","BL6F","Passaged","BL6intoBALB","BALB/C","EFGH",1,21.7,1
10681,"F","4X","UNF","BL6F","Passaged","BL6intoBALB","BALB/C","EFGH",1,24.1,0.99
10779,"F","4X","UNF","BL6F","Passaged","BL6intoBALB","BALB/C","EFGH",1,22.2,1
10783,"F","4X","UNF","BL6F","Passaged","BL6intoBALB","BALB/C","EFGH",1,21.3,1
10789,"F","4X","UNF","BL6F","Passaged","BL6intoBALB","BALB/C","EFGH",1,23.5,0.98
10453,"F","1X","FAM","BALBF","Passaged","HK68BALB","BALB/C","A",1,21.7,1
10563,"F","1X","FAM","BALBF","Passaged","HK68BALB","BALB/C","A",1,21.1,0.99
10362,"F","1X","FAM","BALBF","Passaged","HK68BALB","BALB/C","B",1,20.6,0.96
10618,"F","1X","FAM","BALBF","Passaged","HK68BALB","BALB/C","B",1,20.4,0.98
10633,"F","1X","FAM","BALBF","Passaged","HK68BALB","BALB/C","C",1,21.5,1
10628,"F","1X","FAM","BALBF","Passaged","HK68BALB","BALB/C","C",1,20.5,1.02
10567,"F","1X","FAM","BALBF","Passaged","HK68BALB","BALB/C","D",1,18.4,0.97
10638,"F","1X","FAM","BALBF","Passaged","HK68BALB","BALB/C","D",1,18.1,0.95
10328,"M","1X","FAM","BALBM","Passaged","HK68BALB","BALB/C","I",1,34.3,1
10579,"M","1X","FAM","BALBM","Passaged","HK68BALB","BALB/C","I",1,26.7,1.02
10290,"M","1X","FAM","BALBM","Passaged","HK68BALB","BALB/C","J",1,27.7,1
10666,"M","1X","FAM","BALBM","Passaged","HK68BALB","BALB/C","J",1,25.3,1.04
10568,"M","1X","FAM","BALBM","Passaged","HK68BALB","BALB/C","K",1,31.1,1.01
10614,"M","1X","FAM","BALBM","Passaged","HK68BALB","BALB/C","K",1,25.1,1.02
10587,"M","1X","FAM","BALBM","Passaged","HK68BALB","BALB/C","L",1,28.1,1.04
10668,"M","1X","FAM","BALBM","Passaged","HK68BALB","BALB/C","L",1,24.6,1.01
10566,"F","1XP","FAM","BALBF","Passaged","HK68BALB","BALB/C","A+B+C+D",1,20.6,0.98
10636,"F","1XP","FAM","BALBF","Passaged","HK68BALB","BALB/C","A+B+C+D",1,22.2,0.95
105671,"F","1XP","FAM","BALBF","Passaged","HK68BALB","BALB/C","A+B+C+D",1,23.4,0.98
10450,"F","1XP","FAM","BALBF","Passaged","HK68BALB","BALB/C","A+B+C+D",1,19.1,0.99
10621,"F","1XP","FAM","BALBF","Passaged","HK68BALB","BALB/C","A+B+C+D",1,20.4,0.98
10631,"F","1XP","FAM","BALBF","Passaged","HK68BALB","BALB/C","A+B+C+D",1,21.8,0.99
10291,"M","1XP","FAM","BALBM","Passaged","HK68BALB","BALB/C","I+J+K+L",1,26.9,1
10460,"M","1XP","FAM","BALBM","Passaged","HK68BALB","BALB/C","I+J+K+L",1,27.2,0.99
10588,"M","1XP","FAM","BALBM","Passaged","HK68BALB","BALB/C","I+J+K+L",1,26.7,1.02
10617,"M","1XP","FAM","BALBM","Passaged","HK68BALB","BALB/C","I+J+K+L",1,27.9,1
10657,"M","1XP","FAM","BALBM","Passaged","HK68BALB","BALB/C","I+J+K+L",1,21.7,1.03
10658,"M","1XP","FAM","BALBM","Passaged","HK68BALB","BALB/C","I+J+K+L",1,26.1,1.03
10454,"F","2X","FAM","BALBF","Passaged","HK68BALB","BALB/C","AB",1,22.8,1
10564,"F","2X","FAM","BALBF","Passaged","HK68BALB","BALB/C","AB",1,20.1,0.99
10619,"F","2X","FAM","BALBF","Passaged","HK68BALB","BALB/C","AB",1,20.9,1
10641,"F","2X","FAM","BALBF","Passaged","HK68BALB","BALB/C","AB",1,20.1,1.01
10629,"F","2X","FAM","BALBF","Passaged","HK68BALB","BALB/C","CD",1,20.4,0.97
10634,"F","2X","FAM","BALBF","Passaged","HK68BALB","BALB/C","CD",1,20.4,0.98
10506,"F","2X","FAM","BALBF","Passaged","HK68BALB","BALB/C","CD",1,22.4,1.01
10639,"F","2X","FAM","BALBF","Passaged","HK68BALB","BALB/C","CD",1,21.1,1
10271,"M","2X","FAM","BALBM","Passaged","HK68BALB","BALB/C","IJ",1,31.5,1.02
10329,"M","2X","FAM","BALBM","Passaged","HK68BALB","BALB/C","IJ",1,34.5,1
10656,"M","2X","FAM","BALBM","Passaged","HK68BALB","BALB/C","IJ",1,24.2,1.03
10582,"M","2X","FAM","BALBM","Passaged","HK68BALB","BALB/C","KL",1,25.2,1
10615,"M","2X","FAM","BALBM","Passaged","HK68BALB","BALB/C","KL",1,28.3,1.03
10569,"M","2X","FAM","BALBM","Passaged","HK68BALB","BALB/C","KL",1,30,1.05
10620,"F","4X","FAM","BALBF","Passaged","HK68BALB","BALB/C","ABCD",1,21.3,1
10635,"F","4X","FAM","BALBF","Passaged","HK68BALB","BALB/C","ABCD",1,18.8,0.99
10645,"F","4X","FAM","BALBF","Passaged","HK68BALB","BALB/C","ABCD",1,21.1,1.03
10646,"F","4X","FAM","BALBF","Passaged","HK68BALB","BALB/C","ABCD",1,19.7,0.99
10455,"F","4X","FAM","BALBF","Passaged","HK68BALB","BALB/C","ABCD",1,21.4,1
10630,"F","4X","FAM","BALBF","Passaged","HK68BALB","BALB/C","ABCD",1,21.9,0.98
10570,"M","4X","FAM","BALBM","Passaged","HK68BALB","BALB/C","IJKL",1,28.9,1
10292,"M","4X","FAM","BALBM","Passaged","HK68BALB","BALB/C","IJKL",1,29.1,0.99
10333,"M","4X","FAM","BALBM","Passaged","HK68BALB","BALB/C","IJKL",1,30.6,1.04
10338,"M","4X","FAM","BALBM","Passaged","HK68BALB","BALB/C","IJKL",1,39.3,1.01
10342,"M","4X","FAM","BALBM","Passaged","HK68BALB","BALB/C","IJKL",1,28.7,0.99
10616,"M","4X","FAM","BALBM","Passaged","HK68BALB","BALB/C","IJKL",1,28.3,1.03
10652,"F","STOCK","FAM","BALBF","Unpassaged","HK68BALB","BALB/C","Stock",1,22.2,0.99
10662,"F","STOCK","FAM","BALBF","Unpassaged","HK68BALB","BALB/C","Stock",1,20,1.01
10781,"F","STOCK","FAM","BALBF","Unpassaged","HK68BALB","BALB/C","Stock",1,24.6,0.98
10785,"F","STOCK","FAM","BALBF","Unpassaged","HK68BALB","BALB/C","Stock",1,19.5,0.99
10791,"F","STOCK","FAM","BALBF","Unpassaged","HK68BALB","BALB/C","Stock",1,24.3,1.01
10797,"F","STOCK","FAM","BALBF","Unpassaged","HK68BALB","BALB/C","Stock",1,20.4,0.99
10682,"M","STOCK","FAM","BALBM","Unpassaged","HK68BALB","BALB/C","Stock",1,26.5,1.02
10684,"M","STOCK","FAM","BALBM","Unpassaged","HK68BALB","BALB/C","Stock",1,25,1.02
10685,"M","STOCK","FAM","BALBM","Unpassaged","HK68BALB","BALB/C","Stock",1,24.8,1.03
10686,"M","STOCK","FAM","BALBM","Unpassaged","HK68BALB","BALB/C","Stock",1,25.2,1.04
10687,"M","STOCK","FAM","BALBM","Unpassaged","HK68BALB","BALB/C","Stock",1,25.2,1.03
10688,"M","STOCK","FAM","BALBM","Unpassaged","HK68BALB","BALB/C","Stock",1,24.6,1.01
10743,"F","1X","FAM","BL6F","Passaged","HK68BL6","C57BL/6","E",1,21.5,1.01
10737,"F","1X","FAM","BL6F","Passaged","HK68BL6","C57BL/6","E",1,20.6,0.99
10768,"F","1X","FAM","BL6F","Passaged","HK68BL6","C57BL/6","F",1,20.3,1
10773,"F","1X","FAM","BL6F","Passaged","HK68BL6","C57BL/6","F",1,18.9,0.96
10753,"F","1X","FAM","BL6F","Passaged","HK68BL6","C57BL/6","G",1,20.4,1.01
10763,"F","1X","FAM","BL6F","Passaged","HK68BL6","C57BL/6","G",1,20,1.01
10757,"F","1X","FAM","BL6F","Passaged","HK68BL6","C57BL/6","H",1,20.5,0.95
10777,"F","1X","FAM","BL6F","Passaged","HK68BL6","C57BL/6","H",1,18.6,0.98
10766,"F","1XP","FAM","BL6F","Passaged","HK68BL6","C57BL/6","E+F+G+H",1,19.9,0.98
10775,"F","1XP","FAM","BL6F","Passaged","HK68BL6","C57BL/6","E+F+G+H",1,22.2,0.99
10756,"F","1XP","FAM","BL6F","Passaged","HK68BL6","C57BL/6","E+F+G+H",1,19.3,0.97
10771,"F","1XP","FAM","BL6F","Passaged","HK68BL6","C57BL/6","E+F+G+H",1,19.4,0.99
10746,"F","1XP","FAM","BL6F","Passaged","HK68BL6","C57BL/6","E+F+G+H",1,20.4,1
10740,"F","1XP","FAM","BL6F","Passaged","HK68BL6","C57BL/6","E+F+G+H",1,19.9,0.98
10769,"F","2X","FAM","BL6F","Passaged","HK68BL6","C57BL/6","EF",1,19,0.99
10738,"F","2X","FAM","BL6F","Passaged","HK68BL6","C57BL/6","EF",1,20.7,1
10744,"F","2X","FAM","BL6F","Passaged","HK68BL6","C57BL/6","EF",1,20.5,1.02
10774,"F","2X","FAM","BL6F","Passaged","HK68BL6","C57BL/6","EF",1,20.7,1
10754,"F","2X","FAM","BL6F","Passaged","HK68BL6","C57BL/6","GH",1,19.1,0.98
10762,"F","2X","FAM","BL6F","Passaged","HK68BL6","C57BL/6","GH",1,18.4,1.01
10764,"F","2X","FAM","BL6F","Passaged","HK68BL6","C57BL/6","GH",1,21.5,0.99
10772,"F","2X","FAM","BL6F","Passaged","HK68BL6","C57BL/6","GH",1,19,1
10765,"F","4X","FAM","BL6F","Passaged","HK68BL6","C57BL/6","EFGH",1,21.8,1.01
10760,"F","4X","FAM","BL6F","Passaged","HK68BL6","C57BL/6","EFGH",1,19.6,0.98
10739,"F","4X","FAM","BL6F","Passaged","HK68BL6","C57BL/6","EFGH",1,21.2,1
10745,"F","4X","FAM","BL6F","Passaged","HK68BL6","C57BL/6","EFGH",1,21.1,0.97
10755,"F","4X","FAM","BL6F","Passaged","HK68BL6","C57BL/6","EFGH",1,19.3,0.98
10776,"F","4X","FAM","BL6F","Passaged","HK68BL6","C57BL/6","EFGH",1,19.4,1.01
8335,"F","STOCK","FAM","BL6F","Unpassaged","HK68BL6","C57BL/6","Stock",1,20.7,1
8336,"F","STOCK","FAM","BL6F","Unpassaged","HK68BL6","C57BL/6","Stock",1,21.8,0.98
8337,"F","STOCK","FAM","BL6F","Unpassaged","HK68BL6","C57BL/6","Stock",1,20.8,1.04
8338,"F","STOCK","FAM","BL6F","Unpassaged","HK68BL6","C57BL/6","Stock",1,20.5,0.98
8339,"F","STOCK","FAM","BL6F","Unpassaged","HK68BL6","C57BL/6","Stock",1,20.8,0.99
6642,"F","STOCK","FAM","BALBF","Unpassaged","HK68BALB","BALB/C","Stock",1,25,0.96
6774,"F","STOCK","FAM","BALBF","Unpassaged","HK68BALB","BALB/C","Stock",1,19.2,0.99
6827,"F","STOCK","FAM","BALBF","Unpassaged","HK68BALB","BALB/C","Stock",1,18.9,1.01
6828,"F","STOCK","FAM","BALBF","Unpassaged","HK68BALB","BALB/C","Stock",1,20.8,1
10605,"M","STOCK","FAM","BALBM","Unpassaged","HK68BALB","BALB/C","Stock",1,28.2,0.99
6831,"M","STOCK","FAM","BALBM","Unpassaged","HK68BALB","BALB/C","Stock",1,23.2,0.98
6779,"M","STOCK","FAM","BALBM","Unpassaged","HK68BALB","BALB/C","Stock",1,27.3,1.03
7068,"F","STOCK","FAM","BL6F","Unpassaged","HK68BL6","C57BL/6","Stock",1,22.9,1
7069,"F","STOCK","FAM","BL6F","Unpassaged","HK68BL6","C57BL/6","Stock",1,21,0.99
7070,"F","STOCK","FAM","BL6F","Unpassaged","HK68BL6","C57BL/6","Stock",1,21.4,1
7071,"F","STOCK","FAM","BL6F","Unpassaged","HK68BL6","C57BL/6","Stock",1,19.8,1.03
7072,"F","STOCK","FAM","BL6F","Unpassaged","HK68BL6","C57BL/6","Stock",1,21.2,0.96
10541,"F","1X","UNF","BALBF","Passaged","BALBintoBL6","C57BL/6","A",2,21.6,0.95
10719,"F","1X","UNF","BALBF","Passaged","BALBintoBL6","C57BL/6","A",2,19.8,1.02
10725,"F","1X","UNF","BALBF","Passaged","BALBintoBL6","C57BL/6","B",2,17.1,0.92
10554,"F","1X","UNF","BALBF","Passaged","BALBintoBL6","C57BL/6","B",2,18.2,0.87
10709,"F","1X","UNF","BALBF","Passaged","BALBintoBL6","C57BL/6","C",2,15.8,0.89
10713,"F","1X","UNF","BALBF","Passaged","BALBintoBL6","C57BL/6","C",2,16,0.92
10733,"F","1X","UNF","BALBF","Passaged","BALBintoBL6","C57BL/6","D",2,18,0.9
10717,"F","1X","UNF","BALBF","Passaged","BALBintoBL6","C57BL/6","D",2,19.1,0.99
10467,"F","1XP","UNF","BALBF","Passaged","BALBintoBL6","C57BL/6","A+B+C+D",2,17.7,0.86
10706,"F","1XP","UNF","BALBF","Passaged","BALBintoBL6","C57BL/6","A+B+C+D",2,15,0.9
10728,"F","1XP","UNF","BALBF","Passaged","BALBintoBL6","C57BL/6","A+B+C+D",2,16.4,0.89
10712,"F","1XP","UNF","BALBF","Passaged","BALBintoBL6","C57BL/6","A+B+C+D",2,16.1,0.88
10476,"F","1XP","UNF","BALBF","Passaged","BALBintoBL6","C57BL/6","A+B+C+D",2,17.3,0.86
10589,"F","1XP","UNF","BALBF","Passaged","BALBintoBL6","C57BL/6","A+B+C+D",2,18.6,0.88
10708,"F","2X","UNF","BALBF","Passaged","BALBintoBL6","C57BL/6","AB",2,16.6,0.88
10542,"F","2X","UNF","BALBF","Passaged","BALBintoBL6","C57BL/6","AB",2,24.3,0.99
10555,"F","2X","UNF","BALBF","Passaged","BALBintoBL6","C57BL/6","AB",2,20,0.88
10670,"F","2X","UNF","BALBF","Passaged","BALBintoBL6","C57BL/6","AB",2,16.3,0.99
10710,"F","2X","UNF","BALBF","Passaged","BALBintoBL6","C57BL/6","CD",2,15.6,0.86
10722,"F","2X","UNF","BALBF","Passaged","BALBintoBL6","C57BL/6","CD",2,16.8,0.88
10714,"F","2X","UNF","BALBF","Passaged","BALBintoBL6","C57BL/6","CD",2,17.1,0.96
10718,"F","2X","UNF","BALBF","Passaged","BALBintoBL6","C57BL/6","CD",2,18.7,0.97
10711,"F","4X","UNF","BALBF","Passaged","BALBintoBL6","C57BL/6","ABCD",2,17.1,0.88
10716,"F","4X","UNF","BALBF","Passaged","BALBintoBL6","C57BL/6","ABCD",2,15.2,0.89
10543,"F","4X","UNF","BALBF","Passaged","BALBintoBL6","C57BL/6","ABCD",2,23.9,0.88
10671,"F","4X","UNF","BALBF","Passaged","BALBintoBL6","C57BL/6","ABCD",2,15.5,0.83
10715,"F","4X","UNF","BALBF","Passaged","BALBintoBL6","C57BL/6","ABCD",2,15.8,0.88
10466,"F","4X","UNF","BALBF","Passaged","BALBintoBL6","C57BL/6","ABCD",2,20.6,0.98
10659,"F","1X","UNF","BL6F","Passaged","BL6intoBALB","BALB/C","E",2,19.3,0.93
10680,"F","1X","UNF","BL6F","Passaged","BL6intoBALB","BALB/C","E",2,17.8,0.91
10778,"F","1X","UNF","BL6F","Passaged","BL6intoBALB","BALB/C","F",2,21.7,0.96
10786,"F","1X","UNF","BL6F","Passaged","BL6intoBALB","BALB/C","F",2,21.6,0.96
10575,"F","1X","UNF","BL6F","Passaged","BL6intoBALB","BALB/C","G",2,22.1,0.93
10611,"F","1X","UNF","BL6F","Passaged","BL6intoBALB","BALB/C","G",2,21,0.95
10787,"F","1X","UNF","BL6F","Passaged","BL6intoBALB","BALB/C","H",2,19.5,0.96
10796,"F","1X","UNF","BL6F","Passaged","BL6intoBALB","BALB/C","H",2,21.1,0.91
10679,"F","1XP","UNF","BL6F","Passaged","BL6intoBALB","BALB/C","E+F+G+H",2,17.8,0.93
10782,"F","1XP","UNF","BL6F","Passaged","BL6intoBALB","BALB/C","E+F+G+H",2,18.4,0.92
10577,"F","1XP","UNF","BL6F","Passaged","BL6intoBALB","BALB/C","E+F+G+H",2,21.1,0.92
10780,"F","1XP","UNF","BL6F","Passaged","BL6intoBALB","BALB/C","E+F+G+H",2,20.5,0.96
10784,"F","1XP","UNF","BL6F","Passaged","BL6intoBALB","BALB/C","E+F+G+H",2,21.3,0.98
10794,"F","1XP","UNF","BL6F","Passaged","BL6intoBALB","BALB/C","E+F+G+H",2,22.2,0.95
10576,"F","4X","UNF","BL6F","Passaged","BL6intoBALB","BALB/C","EFGH",2,20.7,0.95
10660,"F","4X","UNF","BL6F","Passaged","BL6intoBALB","BALB/C","EFGH",2,20.7,0.96
10681,"F","4X","UNF","BL6F","Passaged","BL6intoBALB","BALB/C","EFGH",2,23.2,0.95
10779,"F","4X","UNF","BL6F","Passaged","BL6intoBALB","BALB/C","EFGH",2,20.9,0.95
10783,"F","4X","UNF","BL6F","Passaged","BL6intoBALB","BALB/C","EFGH",2,20.8,0.97
10789,"F","4X","UNF","BL6F","Passaged","BL6intoBALB","BALB/C","EFGH",2,21.9,0.91
10453,"F","1X","FAM","BALBF","Passaged","HK68BALB","BALB/C","A",2,19.4,0.89
10563,"F","1X","FAM","BALBF","Passaged","HK68BALB","BALB/C","A",2,19.2,0.9
10362,"F","1X","FAM","BALBF","Passaged","HK68BALB","BALB/C","B",2,18.8,0.88
10618,"F","1X","FAM","BALBF","Passaged","HK68BALB","BALB/C","B",2,18.8,0.9
10633,"F","1X","FAM","BALBF","Passaged","HK68BALB","BALB/C","C",2,19.7,0.92
10628,"F","1X","FAM","BALBF","Passaged","HK68BALB","BALB/C","C",2,18.7,0.93
10567,"F","1X","FAM","BALBF","Passaged","HK68BALB","BALB/C","D",2,16.7,0.88
10638,"F","1X","FAM","BALBF","Passaged","HK68BALB","BALB/C","D",2,16.8,0.88
10328,"M","1X","FAM","BALBM","Passaged","HK68BALB","BALB/C","I",2,32.5,0.95
10579,"M","1X","FAM","BALBM","Passaged","HK68BALB","BALB/C","I",2,25.5,0.98
10290,"M","1X","FAM","BALBM","Passaged","HK68BALB","BALB/C","J",2,27,0.97
10666,"M","1X","FAM","BALBM","Passaged","HK68BALB","BALB/C","J",2,24,0.99
10568,"M","1X","FAM","BALBM","Passaged","HK68BALB","BALB/C","K",2,29.6,0.96
10614,"M","1X","FAM","BALBM","Passaged","HK68BALB","BALB/C","K",2,23.2,0.94
10587,"M","1X","FAM","BALBM","Passaged","HK68BALB","BALB/C","L",2,28.4,1.05
10668,"M","1X","FAM","BALBM","Passaged","HK68BALB","BALB/C","L",2,22.8,0.94
10566,"F","1XP","FAM","BALBF","Passaged","HK68BALB","BALB/C","A+B+C+D",2,18.7,0.89
10636,"F","1XP","FAM","BALBF","Passaged","HK68BALB","BALB/C","A+B+C+D",2,20.7,0.89
105671,"F","1XP","FAM","BALBF","Passaged","HK68BALB","BALB/C","A+B+C+D",2,20.8,0.87
10450,"F","1XP","FAM","BALBF","Passaged","HK68BALB","BALB/C","A+B+C+D",2,17.5,0.91
10621,"F","1XP","FAM","BALBF","Passaged","HK68BALB","BALB/C","A+B+C+D",2,18.6,0.89
10631,"F","1XP","FAM","BALBF","Passaged","HK68BALB","BALB/C","A+B+C+D",2,20.8,0.95
10291,"M","1XP","FAM","BALBM","Passaged","HK68BALB","BALB/C","I+J+K+L",2,25.8,0.96
10460,"M","1XP","FAM","BALBM","Passaged","HK68BALB","BALB/C","I+J+K+L",2,26.3,0.95
10588,"M","1XP","FAM","BALBM","Passaged","HK68BALB","BALB/C","I+J+K+L",2,24.4,0.93
10617,"M","1XP","FAM","BALBM","Passaged","HK68BALB","BALB/C","I+J+K+L",2,26.4,0.95
10657,"M","1XP","FAM","BALBM","Passaged","HK68BALB","BALB/C","I+J+K+L",2,20.2,0.96
10658,"M","1XP","FAM","BALBM","Passaged","HK68BALB","BALB/C","I+J+K+L",2,25,0.99
10454,"F","2X","FAM","BALBF","Passaged","HK68BALB","BALB/C","AB",2,20.7,0.91
10564,"F","2X","FAM","BALBF","Passaged","HK68BALB","BALB/C","AB",2,18.3,0.9
10619,"F","2X","FAM","BALBF","Passaged","HK68BALB","BALB/C","AB",2,18.9,0.9
10641,"F","2X","FAM","BALBF","Passaged","HK68BALB","BALB/C","AB",2,18.2,0.91
10629,"F","2X","FAM","BALBF","Passaged","HK68BALB","BALB/C","CD",2,18.5,0.88
10634,"F","2X","FAM","BALBF","Passaged","HK68BALB","BALB/C","CD",2,18.3,0.88
10506,"F","2X","FAM","BALBF","Passaged","HK68BALB","BALB/C","CD",2,21.9,0.99
10639,"F","2X","FAM","BALBF","Passaged","HK68BALB","BALB/C","CD",2,20.7,0.98
10271,"M","2X","FAM","BALBM","Passaged","HK68BALB","BALB/C","IJ",2,28.9,0.94
10329,"M","2X","FAM","BALBM","Passaged","HK68BALB","BALB/C","IJ",2,32.8,0.95
10656,"M","2X","FAM","BALBM","Passaged","HK68BALB","BALB/C","IJ",2,22.5,0.95
10582,"M","2X","FAM","BALBM","Passaged","HK68BALB","BALB/C","KL",2,23.3,0.93
10615,"M","2X","FAM","BALBM","Passaged","HK68BALB","BALB/C","KL",2,27.5,1
10569,"M","2X","FAM","BALBM","Passaged","HK68BALB","BALB/C","KL",2,28.2,0.98
10620,"F","4X","FAM","BALBF","Passaged","HK68BALB","BALB/C","ABCD",2,19,0.89
10635,"F","4X","FAM","BALBF","Passaged","HK68BALB","BALB/C","ABCD",2,17.1,0.9
10645,"F","4X","FAM","BALBF","Passaged","HK68BALB","BALB/C","ABCD",2,19.2,0.94
10646,"F","4X","FAM","BALBF","Passaged","HK68BALB","BALB/C","ABCD",2,18.2,0.91
10455,"F","4X","FAM","BALBF","Passaged","HK68BALB","BALB/C","ABCD",2,19.3,0.91
10630,"F","4X","FAM","BALBF","Passaged","HK68BALB","BALB/C","ABCD",2,20.3,0.91
10570,"M","4X","FAM","BALBM","Passaged","HK68BALB","BALB/C","IJKL",2,26.5,0.91
10292,"M","4X","FAM","BALBM","Passaged","HK68BALB","BALB/C","IJKL",2,26.5,0.9
10333,"M","4X","FAM","BALBM","Passaged","HK68BALB","BALB/C","IJKL",2,30.6,1.04
10338,"M","4X","FAM","BALBM","Passaged","HK68BALB","BALB/C","IJKL",2,38.1,0.97
10342,"M","4X","FAM","BALBM","Passaged","HK68BALB","BALB/C","IJKL",2,28.5,0.99
10616,"M","4X","FAM","BALBM","Passaged","HK68BALB","BALB/C","IJKL",2,28.5,1.03
10652,"F","STOCK","FAM","BALBF","Unpassaged","HK68BALB","BALB/C","Stock",2,22,0.98
10662,"F","STOCK","FAM","BALBF","Unpassaged","HK68BALB","BALB/C","Stock",2,18.9,0.95
10781,"F","STOCK","FAM","BALBF","Unpassaged","HK68BALB","BALB/C","Stock",2,24,0.96
10785,"F","STOCK","FAM","BALBF","Unpassaged","HK68BALB","BALB/C","Stock",2,19,0.97
10791,"F","STOCK","FAM","BALBF","Unpassaged","HK68BALB","BALB/C","Stock",2,23.4,0.97
10797,"F","STOCK","FAM","BALBF","Unpassaged","HK68BALB","BALB/C","Stock",2,20.1,0.98
10682,"M","STOCK","FAM","BALBM","Unpassaged","HK68BALB","BALB/C","Stock",2,25.9,0.99
10684,"M","STOCK","FAM","BALBM","Unpassaged","HK68BALB","BALB/C","Stock",2,24.5,1
10685,"M","STOCK","FAM","BALBM","Unpassaged","HK68BALB","BALB/C","Stock",2,24.7,1.03
10686,"M","STOCK","FAM","BALBM","Unpassaged","HK68BALB","BALB/C","Stock",2,24.8,1.02
10687,"M","STOCK","FAM","BALBM","Unpassaged","HK68BALB","BALB/C","Stock",2,24.6,1
10688,"M","STOCK","FAM","BALBM","Unpassaged","HK68BALB","BALB/C","Stock",2,24,0.99
10743,"F","1X","FAM","BL6F","Passaged","HK68BL6","C57BL/6","E",2,18.8,0.88
10737,"F","1X","FAM","BL6F","Passaged","HK68BL6","C57BL/6","E",2,18.5,0.89
10768,"F","1X","FAM","BL6F","Passaged","HK68BL6","C57BL/6","F",2,19.7,0.98
10773,"F","1X","FAM","BL6F","Passaged","HK68BL6","C57BL/6","F",2,18.4,0.94
10753,"F","1X","FAM","BL6F","Passaged","HK68BL6","C57BL/6","G",2,18.9,0.94
10763,"F","1X","FAM","BL6F","Passaged","HK68BL6","C57BL/6","G",2,19.9,1.01
10757,"F","1X","FAM","BL6F","Passaged","HK68BL6","C57BL/6","H",2,20.4,0.95
10777,"F","1X","FAM","BL6F","Passaged","HK68BL6","C57BL/6","H",2,18.7,0.98
10766,"F","1XP","FAM","BL6F","Passaged","HK68BL6","C57BL/6","E+F+G+H",2,17.9,0.88
10775,"F","1XP","FAM","BL6F","Passaged","HK68BL6","C57BL/6","E+F+G+H",2,19.8,0.88
10756,"F","1XP","FAM","BL6F","Passaged","HK68BL6","C57BL/6","E+F+G+H",2,17.4,0.88
10771,"F","1XP","FAM","BL6F","Passaged","HK68BL6","C57BL/6","E+F+G+H",2,17.8,0.91
10746,"F","1XP","FAM","BL6F","Passaged","HK68BL6","C57BL/6","E+F+G+H",2,18.8,0.92
10740,"F","1XP","FAM","BL6F","Passaged","HK68BL6","C57BL/6","E+F+G+H",2,19.6,0.96
10769,"F","2X","FAM","BL6F","Passaged","HK68BL6","C57BL/6","EF",2,17.2,0.9
10738,"F","2X","FAM","BL6F","Passaged","HK68BL6","C57BL/6","EF",2,18.5,0.89
10744,"F","2X","FAM","BL6F","Passaged","HK68BL6","C57BL/6","EF",2,18.1,0.9
10774,"F","2X","FAM","BL6F","Passaged","HK68BL6","C57BL/6","EF",2,19.6,0.95
10754,"F","2X","FAM","BL6F","Passaged","HK68BL6","C57BL/6","GH",2,17.3,0.89
10762,"F","2X","FAM","BL6F","Passaged","HK68BL6","C57BL/6","GH",2,17.8,0.97
10764,"F","2X","FAM","BL6F","Passaged","HK68BL6","C57BL/6","GH",2,20,0.92
10772,"F","2X","FAM","BL6F","Passaged","HK68BL6","C57BL/6","GH",2,17.1,0.9
10765,"F","4X","FAM","BL6F","Passaged","HK68BL6","C57BL/6","EFGH",2,19.9,0.93
10760,"F","4X","FAM","BL6F","Passaged","HK68BL6","C57BL/6","EFGH",2,18.3,0.92
10739,"F","4X","FAM","BL6F","Passaged","HK68BL6","C57BL/6","EFGH",2,19,0.9
10745,"F","4X","FAM","BL6F","Passaged","HK68BL6","C57BL/6","EFGH",2,19.5,0.89
10755,"F","4X","FAM","BL6F","Passaged","HK68BL6","C57BL/6","EFGH",2,18,0.92
10776,"F","4X","FAM","BL6F","Passaged","HK68BL6","C57BL/6","EFGH",2,18.7,0.97
8335,"F","STOCK","FAM","BL6F","Unpassaged","HK68BL6","C57BL/6","Stock",2,18.3,0.88
8336,"F","STOCK","FAM","BL6F","Unpassaged","HK68BL6","C57BL/6","Stock",2,19.1,0.86
8337,"F","STOCK","FAM","BL6F","Unpassaged","HK68BL6","C57BL/6","Stock",2,20.7,1.04
8338,"F","STOCK","FAM","BL6F","Unpassaged","HK68BL6","C57BL/6","Stock",2,18.6,0.89
8339,"F","STOCK","FAM","BL6F","Unpassaged","HK68BL6","C57BL/6","Stock",2,21.1,1
6642,"F","STOCK","FAM","BALBF","Unpassaged","HK68BALB","BALB/C","Stock",2,24.9,0.96
6774,"F","STOCK","FAM","BALBF","Unpassaged","HK68BALB","BALB/C","Stock",2,19.1,0.98
6827,"F","STOCK","FAM","BALBF","Unpassaged","HK68BALB","BALB/C","Stock",2,18.9,1.01
6828,"F","STOCK","FAM","BALBF","Unpassaged","HK68BALB","BALB/C","Stock",2,20,0.96
10605,"M","STOCK","FAM","BALBM","Unpassaged","HK68BALB","BALB/C","Stock",2,28,0.98
6831,"M","STOCK","FAM","BALBM","Unpassaged","HK68BALB","BALB/C","Stock",2,23.5,1
6779,"M","STOCK","FAM","BALBM","Unpassaged","HK68BALB","BALB/C","Stock",2,27.1,1.02
7068,"F","STOCK","FAM","BL6F","Unpassaged","HK68BL6","C57BL/6","Stock",2,22.6,0.98
7069,"F","STOCK","FAM","BL6F","Unpassaged","HK68BL6","C57BL/6","Stock",2,19,0.9
7070,"F","STOCK","FAM","BL6F","Unpassaged","HK68BL6","C57BL/6","Stock",2,19.2,0.9
7071,"F","STOCK","FAM","BL6F","Unpassaged","HK68BL6","C57BL/6","Stock",2,19.2,0.99
7072,"F","STOCK","FAM","BL6F","Unpassaged","HK68BL6","C57BL/6","Stock",2,20.9,0.95
10541,"F","1X","UNF","BALBF","Passaged","BALBintoBL6","C57BL/6","A",3,22,0.97
10719,"F","1X","UNF","BALBF","Passaged","BALBintoBL6","C57BL/6","A",3,19.5,1.01
10725,"F","1X","UNF","BALBF","Passaged","BALBintoBL6","C57BL/6","B",3,15.3,0.82
10554,"F","1X","UNF","BALBF","Passaged","BALBintoBL6","C57BL/6","B",3,16.9,0.8
10709,"F","1X","UNF","BALBF","Passaged","BALBintoBL6","C57BL/6","C",3,14.3,0.8
10713,"F","1X","UNF","BALBF","Passaged","BALBintoBL6","C57BL/6","C",3,14.1,0.82
10733,"F","1X","UNF","BALBF","Passaged","BALBintoBL6","C57BL/6","D",3,16.9,0.85
10717,"F","1X","UNF","BALBF","Passaged","BALBintoBL6","C57BL/6","D",3,18.6,0.96
10467,"F","1XP","UNF","BALBF","Passaged","BALBintoBL6","C57BL/6","A+B+C+D",3,16.1,0.78
10706,"F","1XP","UNF","BALBF","Passaged","BALBintoBL6","C57BL/6","A+B+C+D",3,13.4,0.8
10728,"F","1XP","UNF","BALBF","Passaged","BALBintoBL6","C57BL/6","A+B+C+D",3,15,0.81
10712,"F","1XP","UNF","BALBF","Passaged","BALBintoBL6","C57BL/6","A+B+C+D",3,14.6,0.8
10476,"F","1XP","UNF","BALBF","Passaged","BALBintoBL6","C57BL/6","A+B+C+D",3,16.1,0.8
10589,"F","1XP","UNF","BALBF","Passaged","BALBintoBL6","C57BL/6","A+B+C+D",3,17.2,0.82
10708,"F","2X","UNF","BALBF","Passaged","BALBintoBL6","C57BL/6","AB",3,15.2,0.81
10542,"F","2X","UNF","BALBF","Passaged","BALBintoBL6","C57BL/6","AB",3,24.6,1
10555,"F","2X","UNF","BALBF","Passaged","BALBintoBL6","C57BL/6","AB",3,18.6,0.82
10670,"F","2X","UNF","BALBF","Passaged","BALBintoBL6","C57BL/6","AB",3,16,0.98
10710,"F","2X","UNF","BALBF","Passaged","BALBintoBL6","C57BL/6","CD",3,14,0.77
10722,"F","2X","UNF","BALBF","Passaged","BALBintoBL6","C57BL/6","CD",3,15.6,0.82
10714,"F","2X","UNF","BALBF","Passaged","BALBintoBL6","C57BL/6","CD",3,16.5,0.92
10718,"F","2X","UNF","BALBF","Passaged","BALBintoBL6","C57BL/6","CD",3,18.7,0.97
10711,"F","4X","UNF","BALBF","Passaged","BALBintoBL6","C57BL/6","ABCD",3,15.1,0.77
10716,"F","4X","UNF","BALBF","Passaged","BALBintoBL6","C57BL/6","ABCD",3,13.4,0.78
10543,"F","4X","UNF","BALBF","Passaged","BALBintoBL6","C57BL/6","ABCD",3,22.2,0.82
10671,"F","4X","UNF","BALBF","Passaged","BALBintoBL6","C57BL/6","ABCD",3,14.9,0.8
10715,"F","4X","UNF","BALBF","Passaged","BALBintoBL6","C57BL/6","ABCD",3,14.3,0.79
10466,"F","4X","UNF","BALBF","Passaged","BALBintoBL6","C57BL/6","ABCD",3,20.4,0.97
10659,"F","1X","UNF","BL6F","Passaged","BL6intoBALB","BALB/C","E",3,18.5,0.89
10680,"F","1X","UNF","BL6F","Passaged","BL6intoBALB","BALB/C","E",3,16.5,0.85
10778,"F","1X","UNF","BL6F","Passaged","BL6intoBALB","BALB/C","F",3,20,0.89
10786,"F","1X","UNF","BL6F","Passaged","BL6intoBALB","BALB/C","F",3,20.1,0.89
10575,"F","1X","UNF","BL6F","Passaged","BL6intoBALB","BALB/C","G",3,21,0.89
10611,"F","1X","UNF","BL6F","Passaged","BL6intoBALB","BALB/C","G",3,20,0.9
10787,"F","1X","UNF","BL6F","Passaged","BL6intoBALB","BALB/C","H",3,18.2,0.89
10796,"F","1X","UNF","BL6F","Passaged","BL6intoBALB","BALB/C","H",3,20.3,0.88
10679,"F","1XP","UNF","BL6F","Passaged","BL6intoBALB","BALB/C","E+F+G+H",3,17,0.89
10782,"F","1XP","UNF","BL6F","Passaged","BL6intoBALB","BALB/C","E+F+G+H",3,17.2,0.86
10577,"F","1XP","UNF","BL6F","Passaged","BL6intoBALB","BALB/C","E+F+G+H",3,19.8,0.86
10780,"F","1XP","UNF","BL6F","Passaged","BL6intoBALB","BALB/C","E+F+G+H",3,19.1,0.9
10784,"F","1XP","UNF","BL6F","Passaged","BL6intoBALB","BALB/C","E+F+G+H",3,19.7,0.9
10794,"F","1XP","UNF","BL6F","Passaged","BL6intoBALB","BALB/C","E+F+G+H",3,20.3,0.87
10576,"F","4X","UNF","BL6F","Passaged","BL6intoBALB","BALB/C","EFGH",3,18.9,0.87
10660,"F","4X","UNF","BL6F","Passaged","BL6intoBALB","BALB/C","EFGH",3,19.7,0.91
10681,"F","4X","UNF","BL6F","Passaged","BL6intoBALB","BALB/C","EFGH",3,22.1,0.91
10779,"F","4X","UNF","BL6F","Passaged","BL6intoBALB","BALB/C","EFGH",3,19.6,0.89
10783,"F","4X","UNF","BL6F","Passaged","BL6intoBALB","BALB/C","EFGH",3,19.4,0.91
10789,"F","4X","UNF","BL6F","Passaged","BL6intoBALB","BALB/C","EFGH",3,20.7,0.86
10453,"F","1X","FAM","BALBF","Passaged","HK68BALB","BALB/C","A",3,18.5,0.85
10563,"F","1X","FAM","BALBF","Passaged","HK68BALB","BALB/C","A",3,17.7,0.83
10362,"F","1X","FAM","BALBF","Passaged","HK68BALB","BALB/C","B",3,17.1,0.8
10618,"F","1X","FAM","BALBF","Passaged","HK68BALB","BALB/C","B",3,17,0.81
10633,"F","1X","FAM","BALBF","Passaged","HK68BALB","BALB/C","C",3,18.4,0.86
10628,"F","1X","FAM","BALBF","Passaged","HK68BALB","BALB/C","C",3,17.5,0.87
10567,"F","1X","FAM","BALBF","Passaged","HK68BALB","BALB/C","D",3,15.3,0.81
10638,"F","1X","FAM","BALBF","Passaged","HK68BALB","BALB/C","D",3,15.9,0.84
10328,"M","1X","FAM","BALBM","Passaged","HK68BALB","BALB/C","I",3,31.5,0.92
10579,"M","1X","FAM","BALBM","Passaged","HK68BALB","BALB/C","I",3,24.8,0.95
10290,"M","1X","FAM","BALBM","Passaged","HK68BALB","BALB/C","J",3,26,0.94
10666,"M","1X","FAM","BALBM","Passaged","HK68BALB","BALB/C","J",3,23,0.95
10568,"M","1X","FAM","BALBM","Passaged","HK68BALB","BALB/C","K",3,28.7,0.93
10614,"M","1X","FAM","BALBM","Passaged","HK68BALB","BALB/C","K",3,23.1,0.94
10587,"M","1X","FAM","BALBM","Passaged","HK68BALB","BALB/C","L",3,26.2,0.97
10668,"M","1X","FAM","BALBM","Passaged","HK68BALB","BALB/C","L",3,21.7,0.89
10566,"F","1XP","FAM","BALBF","Passaged","HK68BALB","BALB/C","A+B+C+D",3,17.3,0.82
10636,"F","1XP","FAM","BALBF","Passaged","HK68BALB","BALB/C","A+B+C+D",3,19.1,0.82
105671,"F","1XP","FAM","BALBF","Passaged","HK68BALB","BALB/C","A+B+C+D",3,20.3,0.85
10450,"F","1XP","FAM","BALBF","Passaged","HK68BALB","BALB/C","A+B+C+D",3,16.2,0.84
10621,"F","1XP","FAM","BALBF","Passaged","HK68BALB","BALB/C","A+B+C+D",3,17.1,0.82
10631,"F","1XP","FAM","BALBF","Passaged","HK68BALB","BALB/C","A+B+C+D",3,19.6,0.89
10291,"M","1XP","FAM","BALBM","Passaged","HK68BALB","BALB/C","I+J+K+L",3,25,0.93
10460,"M","1XP","FAM","BALBM","Passaged","HK68BALB","BALB/C","I+J+K+L",3,25.7,0.93
10588,"M","1XP","FAM","BALBM","Passaged","HK68BALB","BALB/C","I+J+K+L",3,23.8,0.91
10617,"M","1XP","FAM","BALBM","Passaged","HK68BALB","BALB/C","I+J+K+L",3,25.2,0.91
10657,"M","1XP","FAM","BALBM","Passaged","HK68BALB","BALB/C","I+J+K+L",3,19.1,0.91
10658,"M","1XP","FAM","BALBM","Passaged","HK68BALB","BALB/C","I+J+K+L",3,24.5,0.97
10454,"F","2X","FAM","BALBF","Passaged","HK68BALB","BALB/C","AB",3,19,0.84
10564,"F","2X","FAM","BALBF","Passaged","HK68BALB","BALB/C","AB",3,17,0.84
10619,"F","2X","FAM","BALBF","Passaged","HK68BALB","BALB/C","AB",3,17.5,0.83
10641,"F","2X","FAM","BALBF","Passaged","HK68BALB","BALB/C","AB",3,16.8,0.84
10629,"F","2X","FAM","BALBF","Passaged","HK68BALB","BALB/C","CD",3,17.1,0.81
10634,"F","2X","FAM","BALBF","Passaged","HK68BALB","BALB/C","CD",3,16.8,0.81
10506,"F","2X","FAM","BALBF","Passaged","HK68BALB","BALB/C","CD",3,21.2,0.96
10639,"F","2X","FAM","BALBF","Passaged","HK68BALB","BALB/C","CD",3,19.7,0.93
10271,"M","2X","FAM","BALBM","Passaged","HK68BALB","BALB/C","IJ",3,28.4,0.92
10329,"M","2X","FAM","BALBM","Passaged","HK68BALB","BALB/C","IJ",3,31.7,0.92
10656,"M","2X","FAM","BALBM","Passaged","HK68BALB","BALB/C","IJ",3,22,0.93
10582,"M","2X","FAM","BALBM","Passaged","HK68BALB","BALB/C","KL",3,22.2,0.88
10615,"M","2X","FAM","BALBM","Passaged","HK68BALB","BALB/C","KL",3,25.4,0.93
10569,"M","2X","FAM","BALBM","Passaged","HK68BALB","BALB/C","KL",3,28.1,0.98
10620,"F","4X","FAM","BALBF","Passaged","HK68BALB","BALB/C","ABCD",3,17.2,0.81
10635,"F","4X","FAM","BALBF","Passaged","HK68BALB","BALB/C","ABCD",3,15.6,0.82
10645,"F","4X","FAM","BALBF","Passaged","HK68BALB","BALB/C","ABCD",3,17.4,0.85
10646,"F","4X","FAM","BALBF","Passaged","HK68BALB","BALB/C","ABCD",3,16.7,0.84
10455,"F","4X","FAM","BALBF","Passaged","HK68BALB","BALB/C","ABCD",3,18,0.85
10630,"F","4X","FAM","BALBF","Passaged","HK68BALB","BALB/C","ABCD",3,18.8,0.84
10570,"M","4X","FAM","BALBM","Passaged","HK68BALB","BALB/C","IJKL",3,25.9,0.89
10292,"M","4X","FAM","BALBM","Passaged","HK68BALB","BALB/C","IJKL",3,25.8,0.88
10333,"M","4X","FAM","BALBM","Passaged","HK68BALB","BALB/C","IJKL",3,28.3,0.96
10338,"M","4X","FAM","BALBM","Passaged","HK68BALB","BALB/C","IJKL",3,37.3,0.95
10342,"M","4X","FAM","BALBM","Passaged","HK68BALB","BALB/C","IJKL",3,28.3,0.98
10616,"M","4X","FAM","BALBM","Passaged","HK68BALB","BALB/C","IJKL",3,27,0.98
10652,"F","STOCK","FAM","BALBF","Unpassaged","HK68BALB","BALB/C","Stock",3,21.5,0.96
10662,"F","STOCK","FAM","BALBF","Unpassaged","HK68BALB","BALB/C","Stock",3,18.4,0.93
10781,"F","STOCK","FAM","BALBF","Unpassaged","HK68BALB","BALB/C","Stock",3,22.7,0.91
10785,"F","STOCK","FAM","BALBF","Unpassaged","HK68BALB","BALB/C","Stock",3,18.8,0.96
10791,"F","STOCK","FAM","BALBF","Unpassaged","HK68BALB","BALB/C","Stock",3,22.4,0.93
10797,"F","STOCK","FAM","BALBF","Unpassaged","HK68BALB","BALB/C","Stock",3,19.3,0.94
10682,"M","STOCK","FAM","BALBM","Unpassaged","HK68BALB","BALB/C","Stock",3,25.7,0.98
10684,"M","STOCK","FAM","BALBM","Unpassaged","HK68BALB","BALB/C","Stock",3,24,0.98
10685,"M","STOCK","FAM","BALBM","Unpassaged","HK68BALB","BALB/C","Stock",3,24.1,1
10686,"M","STOCK","FAM","BALBM","Unpassaged","HK68BALB","BALB/C","Stock",3,23.6,0.98
10687,"M","STOCK","FAM","BALBM","Unpassaged","HK68BALB","BALB/C","Stock",3,23.7,0.97
10688,"M","STOCK","FAM","BALBM","Unpassaged","HK68BALB","BALB/C","Stock",3,23.1,0.95
10743,"F","1X","FAM","BL6F","Passaged","HK68BL6","C57BL/6","E",3,17.7,0.83
10737,"F","1X","FAM","BL6F","Passaged","HK68BL6","C57BL/6","E",3,17.7,0.85
10768,"F","1X","FAM","BL6F","Passaged","HK68BL6","C57BL/6","F",3,19.7,0.98
10773,"F","1X","FAM","BL6F","Passaged","HK68BL6","C57BL/6","F",3,18.6,0.95
10753,"F","1X","FAM","BL6F","Passaged","HK68BL6","C57BL/6","G",3,18.9,0.94
10763,"F","1X","FAM","BL6F","Passaged","HK68BL6","C57BL/6","G",3,19.7,0.99
10757,"F","1X","FAM","BL6F","Passaged","HK68BL6","C57BL/6","H",3,20.8,0.97
10777,"F","1X","FAM","BL6F","Passaged","HK68BL6","C57BL/6","H",3,19.2,1.01
10766,"F","1XP","FAM","BL6F","Passaged","HK68BL6","C57BL/6","E+F+G+H",3,16.6,0.82
10775,"F","1XP","FAM","BL6F","Passaged","HK68BL6","C57BL/6","E+F+G+H",3,18.8,0.84
10756,"F","1XP","FAM","BL6F","Passaged","HK68BL6","C57BL/6","E+F+G+H",3,16.6,0.84
10771,"F","1XP","FAM","BL6F","Passaged","HK68BL6","C57BL/6","E+F+G+H",3,16.7,0.85
10746,"F","1XP","FAM","BL6F","Passaged","HK68BL6","C57BL/6","E+F+G+H",3,18,0.88
10740,"F","1XP","FAM","BL6F","Passaged","HK68BL6","C57BL/6","E+F+G+H",3,19.7,0.97
10769,"F","2X","FAM","BL6F","Passaged","HK68BL6","C57BL/6","EF",3,15.7,0.82
10738,"F","2X","FAM","BL6F","Passaged","HK68BL6","C57BL/6","EF",3,17.4,0.84
10744,"F","2X","FAM","BL6F","Passaged","HK68BL6","C57BL/6","EF",3,16.6,0.83
10774,"F","2X","FAM","BL6F","Passaged","HK68BL6","C57BL/6","EF",3,18.9,0.92
10754,"F","2X","FAM","BL6F","Passaged","HK68BL6","C57BL/6","GH",3,16.5,0.85
10762,"F","2X","FAM","BL6F","Passaged","HK68BL6","C57BL/6","GH",3,17.7,0.97
10764,"F","2X","FAM","BL6F","Passaged","HK68BL6","C57BL/6","GH",3,18.4,0.85
10772,"F","2X","FAM","BL6F","Passaged","HK68BL6","C57BL/6","GH",3,16,0.84
10765,"F","4X","FAM","BL6F","Passaged","HK68BL6","C57BL/6","EFGH",3,18.8,0.87
10760,"F","4X","FAM","BL6F","Passaged","HK68BL6","C57BL/6","EFGH",3,17.2,0.86
10739,"F","4X","FAM","BL6F","Passaged","HK68BL6","C57BL/6","EFGH",3,17.9,0.85
10745,"F","4X","FAM","BL6F","Passaged","HK68BL6","C57BL/6","EFGH",3,18.7,0.86
10755,"F","4X","FAM","BL6F","Passaged","HK68BL6","C57BL/6","EFGH",3,17.1,0.87
10776,"F","4X","FAM","BL6F","Passaged","HK68BL6","C57BL/6","EFGH",3,18.5,0.96
8335,"F","STOCK","FAM","BL6F","Unpassaged","HK68BL6","C57BL/6","Stock",3,17.5,0.84
8336,"F","STOCK","FAM","BL6F","Unpassaged","HK68BL6","C57BL/6","Stock",3,18.6,0.83
8337,"F","STOCK","FAM","BL6F","Unpassaged","HK68BL6","C57BL/6","Stock",3,20.6,1.03
8338,"F","STOCK","FAM","BL6F","Unpassaged","HK68BL6","C57BL/6","Stock",3,18.4,0.88
8339,"F","STOCK","FAM","BL6F","Unpassaged","HK68BL6","C57BL/6","Stock",3,21.1,1
6642,"F","STOCK","FAM","BALBF","Unpassaged","HK68BALB","BALB/C","Stock",3,24.3,0.93
6774,"F","STOCK","FAM","BALBF","Unpassaged","HK68BALB","BALB/C","Stock",3,18.7,0.96
6827,"F","STOCK","FAM","BALBF","Unpassaged","HK68BALB","BALB/C","Stock",3,17.8,0.95
6828,"F","STOCK","FAM","BALBF","Unpassaged","HK68BALB","BALB/C","Stock",3,19.8,0.95
10605,"M","STOCK","FAM","BALBM","Unpassaged","HK68BALB","BALB/C","Stock",3,27.3,0.95
6831,"M","STOCK","FAM","BALBM","Unpassaged","HK68BALB","BALB/C","Stock",3,22.7,0.96
6779,"M","STOCK","FAM","BALBM","Unpassaged","HK68BALB","BALB/C","Stock",3,26.3,0.99
7068,"F","STOCK","FAM","BL6F","Unpassaged","HK68BL6","C57BL/6","Stock",3,22.9,1
7069,"F","STOCK","FAM","BL6F","Unpassaged","HK68BL6","C57BL/6","Stock",3,19.6,0.92
7070,"F","STOCK","FAM","BL6F","Unpassaged","HK68BL6","C57BL/6","Stock",3,18.3,0.86
7071,"F","STOCK","FAM","BL6F","Unpassaged","HK68BL6","C57BL/6","Stock",3,18.8,0.97
7072,"F","STOCK","FAM","BL6F","Unpassaged","HK68BL6","C57BL/6","Stock",3,20.1,0.91
10541,"F","1X","UNF","BALBF","Passaged","BALBintoBL6","C57BL/6","A",4,21.6,0.95
10719,"F","1X","UNF","BALBF","Passaged","BALBintoBL6","C57BL/6","A",4,19.6,1.01
10725,"F","1X","UNF","BALBF","Passaged","BALBintoBL6","C57BL/6","B",4,14.3,0.77
10554,"F","1X","UNF","BALBF","Passaged","BALBintoBL6","C57BL/6","B",4,17.1,0.81
10709,"F","1X","UNF","BALBF","Passaged","BALBintoBL6","C57BL/6","C",4,13.5,0.76
10713,"F","1X","UNF","BALBF","Passaged","BALBintoBL6","C57BL/6","C",4,13.4,0.77
10733,"F","1X","UNF","BALBF","Passaged","BALBintoBL6","C57BL/6","D",4,17.1,0.86
10717,"F","1X","UNF","BALBF","Passaged","BALBintoBL6","C57BL/6","D",4,17.8,0.92
10467,"F","1XP","UNF","BALBF","Passaged","BALBintoBL6","C57BL/6","A+B+C+D",4,15.3,0.74
10706,"F","1XP","UNF","BALBF","Passaged","BALBintoBL6","C57BL/6","A+B+C+D",4,12.5,0.75
10728,"F","1XP","UNF","BALBF","Passaged","BALBintoBL6","C57BL/6","A+B+C+D",4,13.8,0.75
10712,"F","1XP","UNF","BALBF","Passaged","BALBintoBL6","C57BL/6","A+B+C+D",4,13.9,0.76
10476,"F","1XP","UNF","BALBF","Passaged","BALBintoBL6","C57BL/6","A+B+C+D",4,15.8,0.79
10589,"F","1XP","UNF","BALBF","Passaged","BALBintoBL6","C57BL/6","A+B+C+D",4,17.5,0.83
10708,"F","2X","UNF","BALBF","Passaged","BALBintoBL6","C57BL/6","AB",4,14.7,0.78
10542,"F","2X","UNF","BALBF","Passaged","BALBintoBL6","C57BL/6","AB",4,24.7,1
10555,"F","2X","UNF","BALBF","Passaged","BALBintoBL6","C57BL/6","AB",4,18.8,0.83
10670,"F","2X","UNF","BALBF","Passaged","BALBintoBL6","C57BL/6","AB",4,16.4,1
10710,"F","2X","UNF","BALBF","Passaged","BALBintoBL6","C57BL/6","CD",4,13.2,0.73
10722,"F","2X","UNF","BALBF","Passaged","BALBintoBL6","C57BL/6","CD",4,15.1,0.79
10714,"F","2X","UNF","BALBF","Passaged","BALBintoBL6","C57BL/6","CD",4,16.3,0.91
10718,"F","2X","UNF","BALBF","Passaged","BALBintoBL6","C57BL/6","CD",4,18.4,0.96
10711,"F","4X","UNF","BALBF","Passaged","BALBintoBL6","C57BL/6","ABCD",4,14.2,0.73
10716,"F","4X","UNF","BALBF","Passaged","BALBintoBL6","C57BL/6","ABCD",4,12.5,0.73
10543,"F","4X","UNF","BALBF","Passaged","BALBintoBL6","C57BL/6","ABCD",4,21.7,0.8
10671,"F","4X","UNF","BALBF","Passaged","BALBintoBL6","C57BL/6","ABCD",4,14.3,0.76
10715,"F","4X","UNF","BALBF","Passaged","BALBintoBL6","C57BL/6","ABCD",4,13.6,0.76
10466,"F","4X","UNF","BALBF","Passaged","BALBintoBL6","C57BL/6","ABCD",4,20.7,0.99
10659,"F","1X","UNF","BL6F","Passaged","BL6intoBALB","BALB/C","E",4,18.8,0.91
10680,"F","1X","UNF","BL6F","Passaged","BL6intoBALB","BALB/C","E",4,16.4,0.84
10778,"F","1X","UNF","BL6F","Passaged","BL6intoBALB","BALB/C","F",4,19.1,0.85
10786,"F","1X","UNF","BL6F","Passaged","BL6intoBALB","BALB/C","F",4,19.7,0.87
10575,"F","1X","UNF","BL6F","Passaged","BL6intoBALB","BALB/C","G",4,21,0.89
10611,"F","1X","UNF","BL6F","Passaged","BL6intoBALB","BALB/C","G",4,19.6,0.89
10787,"F","1X","UNF","BL6F","Passaged","BL6intoBALB","BALB/C","H",4,17.7,0.87
10796,"F","1X","UNF","BL6F","Passaged","BL6intoBALB","BALB/C","H",4,20.8,0.9
10679,"F","1XP","UNF","BL6F","Passaged","BL6intoBALB","BALB/C","E+F+G+H",4,15.7,0.82
10782,"F","1XP","UNF","BL6F","Passaged","BL6intoBALB","BALB/C","E+F+G+H",4,16.5,0.83
10577,"F","1XP","UNF","BL6F","Passaged","BL6intoBALB","BALB/C","E+F+G+H",4,19.6,0.86
10780,"F","1XP","UNF","BL6F","Passaged","BL6intoBALB","BALB/C","E+F+G+H",4,18.6,0.87
10784,"F","1XP","UNF","BL6F","Passaged","BL6intoBALB","BALB/C","E+F+G+H",4,19.2,0.88
10794,"F","1XP","UNF","BL6F","Passaged","BL6intoBALB","BALB/C","E+F+G+H",4,20.1,0.86
10576,"F","4X","UNF","BL6F","Passaged","BL6intoBALB","BALB/C","EFGH",4,18.7,0.86
10660,"F","4X","UNF","BL6F","Passaged","BL6intoBALB","BALB/C","EFGH",4,19.6,0.91
10681,"F","4X","UNF","BL6F","Passaged","BL6intoBALB","BALB/C","EFGH",4,21.7,0.89
10779,"F","4X","UNF","BL6F","Passaged","BL6intoBALB","BALB/C","EFGH",4,19.1,0.86
10783,"F","4X","UNF","BL6F","Passaged","BL6intoBALB","BALB/C","EFGH",4,19.2,0.9
10789,"F","4X","UNF","BL6F","Passaged","BL6intoBALB","BALB/C","EFGH",4,19.8,0.83
10453,"F","1X","FAM","BALBF","Passaged","HK68BALB","BALB/C","A",4,18.3,0.84
10563,"F","1X","FAM","BALBF","Passaged","HK68BALB","BALB/C","A",4,16.9,0.79
10362,"F","1X","FAM","BALBF","Passaged","HK68BALB","BALB/C","B",4,16.4,0.77
10618,"F","1X","FAM","BALBF","Passaged","HK68BALB","BALB/C","B",4,16,0.77
10633,"F","1X","FAM","BALBF","Passaged","HK68BALB","BALB/C","C",4,18,0.84
10628,"F","1X","FAM","BALBF","Passaged","HK68BALB","BALB/C","C",4,16.8,0.84
10567,"F","1X","FAM","BALBF","Passaged","HK68BALB","BALB/C","D",4,14.7,0.77
10638,"F","1X","FAM","BALBF","Passaged","HK68BALB","BALB/C","D",4,15.6,0.82
10328,"M","1X","FAM","BALBM","Passaged","HK68BALB","BALB/C","I",4,30.9,0.9
10579,"M","1X","FAM","BALBM","Passaged","HK68BALB","BALB/C","I",4,24.3,0.93
10290,"M","1X","FAM","BALBM","Passaged","HK68BALB","BALB/C","J",4,25.5,0.92
10666,"M","1X","FAM","BALBM","Passaged","HK68BALB","BALB/C","J",4,22.3,0.92
10568,"M","1X","FAM","BALBM","Passaged","HK68BALB","BALB/C","K",4,28.5,0.93
10614,"M","1X","FAM","BALBM","Passaged","HK68BALB","BALB/C","K",4,22.9,0.93
10587,"M","1X","FAM","BALBM","Passaged","HK68BALB","BALB/C","L",4,26.5,0.98
10668,"M","1X","FAM","BALBM","Passaged","HK68BALB","BALB/C","L",4,21.7,0.89
10566,"F","1XP","FAM","BALBF","Passaged","HK68BALB","BALB/C","A+B+C+D",4,16.7,0.8
10636,"F","1XP","FAM","BALBF","Passaged","HK68BALB","BALB/C","A+B+C+D",4,18.4,0.79
105671,"F","1XP","FAM","BALBF","Passaged","HK68BALB","BALB/C","A+B+C+D",4,20,0.84
10450,"F","1XP","FAM","BALBF","Passaged","HK68BALB","BALB/C","A+B+C+D",4,15.7,0.81
10621,"F","1XP","FAM","BALBF","Passaged","HK68BALB","BALB/C","A+B+C+D",4,16.9,0.81
10631,"F","1XP","FAM","BALBF","Passaged","HK68BALB","BALB/C","A+B+C+D",4,19.3,0.88
10291,"M","1XP","FAM","BALBM","Passaged","HK68BALB","BALB/C","I+J+K+L",4,24,0.89
10460,"M","1XP","FAM","BALBM","Passaged","HK68BALB","BALB/C","I+J+K+L",4,25.5,0.92
10588,"M","1XP","FAM","BALBM","Passaged","HK68BALB","BALB/C","I+J+K+L",4,23.2,0.89
10617,"M","1XP","FAM","BALBM","Passaged","HK68BALB","BALB/C","I+J+K+L",4,25,0.9
10657,"M","1XP","FAM","BALBM","Passaged","HK68BALB","BALB/C","I+J+K+L",4,18.3,0.87
10658,"M","1XP","FAM","BALBM","Passaged","HK68BALB","BALB/C","I+J+K+L",4,24.4,0.96
10454,"F","2X","FAM","BALBF","Passaged","HK68BALB","BALB/C","AB",4,18.5,0.81
10564,"F","2X","FAM","BALBF","Passaged","HK68BALB","BALB/C","AB",4,17,0.84
10619,"F","2X","FAM","BALBF","Passaged","HK68BALB","BALB/C","AB",4,17.4,0.83
10641,"F","2X","FAM","BALBF","Passaged","HK68BALB","BALB/C","AB",4,16.6,0.83
10629,"F","2X","FAM","BALBF","Passaged","HK68BALB","BALB/C","CD",4,16.1,0.77
10634,"F","2X","FAM","BALBF","Passaged","HK68BALB","BALB/C","CD",4,16,0.77
10506,"F","2X","FAM","BALBF","Passaged","HK68BALB","BALB/C","CD",4,21.2,0.96
10639,"F","2X","FAM","BALBF","Passaged","HK68BALB","BALB/C","CD",4,18.8,0.89
10271,"M","2X","FAM","BALBM","Passaged","HK68BALB","BALB/C","IJ",4,27.5,0.89
10329,"M","2X","FAM","BALBM","Passaged","HK68BALB","BALB/C","IJ",4,31,0.9
10656,"M","2X","FAM","BALBM","Passaged","HK68BALB","BALB/C","IJ",4,21.2,0.9
10582,"M","2X","FAM","BALBM","Passaged","HK68BALB","BALB/C","KL",4,21,0.84
10615,"M","2X","FAM","BALBM","Passaged","HK68BALB","BALB/C","KL",4,24.9,0.91
10569,"M","2X","FAM","BALBM","Passaged","HK68BALB","BALB/C","KL",4,27.3,0.95
10620,"F","4X","FAM","BALBF","Passaged","HK68BALB","BALB/C","ABCD",4,16.3,0.77
10635,"F","4X","FAM","BALBF","Passaged","HK68BALB","BALB/C","ABCD",4,14.7,0.77
10645,"F","4X","FAM","BALBF","Passaged","HK68BALB","BALB/C","ABCD",4,16.5,0.81
10646,"F","4X","FAM","BALBF","Passaged","HK68BALB","BALB/C","ABCD",4,16,0.8
10455,"F","4X","FAM","BALBF","Passaged","HK68BALB","BALB/C","ABCD",4,17.9,0.84
10630,"F","4X","FAM","BALBF","Passaged","HK68BALB","BALB/C","ABCD",4,18.5,0.83
10570,"M","4X","FAM","BALBM","Passaged","HK68BALB","BALB/C","IJKL",4,24.8,0.86
10292,"M","4X","FAM","BALBM","Passaged","HK68BALB","BALB/C","IJKL",4,24.5,0.84
10333,"M","4X","FAM","BALBM","Passaged","HK68BALB","BALB/C","IJKL",4,27.9,0.95
10338,"M","4X","FAM","BALBM","Passaged","HK68BALB","BALB/C","IJKL",4,36.5,0.93
10342,"M","4X","FAM","BALBM","Passaged","HK68BALB","BALB/C","IJKL",4,28.3,0.98
10616,"M","4X","FAM","BALBM","Passaged","HK68BALB","BALB/C","IJKL",4,27,0.98
10652,"F","STOCK","FAM","BALBF","Unpassaged","HK68BALB","BALB/C","Stock",4,21.1,0.94
10662,"F","STOCK","FAM","BALBF","Unpassaged","HK68BALB","BALB/C","Stock",4,18.3,0.92
10781,"F","STOCK","FAM","BALBF","Unpassaged","HK68BALB","BALB/C","Stock",4,22.8,0.91
10785,"F","STOCK","FAM","BALBF","Unpassaged","HK68BALB","BALB/C","Stock",4,18.6,0.95
10791,"F","STOCK","FAM","BALBF","Unpassaged","HK68BALB","BALB/C","Stock",4,22.4,0.93
10797,"F","STOCK","FAM","BALBF","Unpassaged","HK68BALB","BALB/C","Stock",4,19.3,0.94
10682,"M","STOCK","FAM","BALBM","Unpassaged","HK68BALB","BALB/C","Stock",4,26.1,1
10684,"M","STOCK","FAM","BALBM","Unpassaged","HK68BALB","BALB/C","Stock",4,24.2,0.99
10685,"M","STOCK","FAM","BALBM","Unpassaged","HK68BALB","BALB/C","Stock",4,24.3,1.01
10686,"M","STOCK","FAM","BALBM","Unpassaged","HK68BALB","BALB/C","Stock",4,24.1,1
10687,"M","STOCK","FAM","BALBM","Unpassaged","HK68BALB","BALB/C","Stock",4,23.5,0.96
10688,"M","STOCK","FAM","BALBM","Unpassaged","HK68BALB","BALB/C","Stock",4,24.1,0.99
10743,"F","1X","FAM","BL6F","Passaged","HK68BL6","C57BL/6","E",4,16.9,0.79
10737,"F","1X","FAM","BL6F","Passaged","HK68BL6","C57BL/6","E",4,17.4,0.84
10768,"F","1X","FAM","BL6F","Passaged","HK68BL6","C57BL/6","F",4,19.6,0.97
10773,"F","1X","FAM","BL6F","Passaged","HK68BL6","C57BL/6","F",4,18.6,0.95
10753,"F","1X","FAM","BL6F","Passaged","HK68BL6","C57BL/6","G",4,19.3,0.96
10763,"F","1X","FAM","BL6F","Passaged","HK68BL6","C57BL/6","G",4,19.9,1.01
10757,"F","1X","FAM","BL6F","Passaged","HK68BL6","C57BL/6","H",4,21,0.98
10777,"F","1X","FAM","BL6F","Passaged","HK68BL6","C57BL/6","H",4,19.5,1.03
10766,"F","1XP","FAM","BL6F","Passaged","HK68BL6","C57BL/6","E+F+G+H",4,15.8,0.78
10775,"F","1XP","FAM","BL6F","Passaged","HK68BL6","C57BL/6","E+F+G+H",4,17.8,0.79
10756,"F","1XP","FAM","BL6F","Passaged","HK68BL6","C57BL/6","E+F+G+H",4,16,0.81
10771,"F","1XP","FAM","BL6F","Passaged","HK68BL6","C57BL/6","E+F+G+H",4,16.5,0.84
10746,"F","1XP","FAM","BL6F","Passaged","HK68BL6","C57BL/6","E+F+G+H",4,17.8,0.87
10740,"F","1XP","FAM","BL6F","Passaged","HK68BL6","C57BL/6","E+F+G+H",4,20.3,1
10769,"F","2X","FAM","BL6F","Passaged","HK68BL6","C57BL/6","EF",4,15.1,0.79
10738,"F","2X","FAM","BL6F","Passaged","HK68BL6","C57BL/6","EF",4,16.7,0.81
10744,"F","2X","FAM","BL6F","Passaged","HK68BL6","C57BL/6","EF",4,16,0.8
10774,"F","2X","FAM","BL6F","Passaged","HK68BL6","C57BL/6","EF",4,19,0.92
10754,"F","2X","FAM","BL6F","Passaged","HK68BL6","C57BL/6","GH",4,16.1,0.83
10762,"F","2X","FAM","BL6F","Passaged","HK68BL6","C57BL/6","GH",4,18.1,0.99
10764,"F","2X","FAM","BL6F","Passaged","HK68BL6","C57BL/6","GH",4,18.3,0.84
10772,"F","2X","FAM","BL6F","Passaged","HK68BL6","C57BL/6","GH",4,15.5,0.82
10765,"F","4X","FAM","BL6F","Passaged","HK68BL6","C57BL/6","EFGH",4,18.5,0.86
10760,"F","4X","FAM","BL6F","Passaged","HK68BL6","C57BL/6","EFGH",4,16.9,0.85
10739,"F","4X","FAM","BL6F","Passaged","HK68BL6","C57BL/6","EFGH",4,17.4,0.82
10745,"F","4X","FAM","BL6F","Passaged","HK68BL6","C57BL/6","EFGH",4,18.9,0.87
10755,"F","4X","FAM","BL6F","Passaged","HK68BL6","C57BL/6","EFGH",4,16.9,0.86
10776,"F","4X","FAM","BL6F","Passaged","HK68BL6","C57BL/6","EFGH",4,18.5,0.96
8335,"F","STOCK","FAM","BL6F","Unpassaged","HK68BL6","C57BL/6","Stock",4,17.3,0.83
8336,"F","STOCK","FAM","BL6F","Unpassaged","HK68BL6","C57BL/6","Stock",4,18.2,0.82
8337,"F","STOCK","FAM","BL6F","Unpassaged","HK68BL6","C57BL/6","Stock",4,20.2,1.01
8338,"F","STOCK","FAM","BL6F","Unpassaged","HK68BL6","C57BL/6","Stock",4,18,0.86
8339,"F","STOCK","FAM","BL6F","Unpassaged","HK68BL6","C57BL/6","Stock",4,21,1
6642,"F","STOCK","FAM","BALBF","Unpassaged","HK68BALB","BALB/C","Stock",4,24.1,0.93
6774,"F","STOCK","FAM","BALBF","Unpassaged","HK68BALB","BALB/C","Stock",4,18.6,0.96
6827,"F","STOCK","FAM","BALBF","Unpassaged","HK68BALB","BALB/C","Stock",4,17.9,0.95
6828,"F","STOCK","FAM","BALBF","Unpassaged","HK68BALB","BALB/C","Stock",4,19.6,0.94
10605,"M","STOCK","FAM","BALBM","Unpassaged","HK68BALB","BALB/C","Stock",4,27.4,0.96
6831,"M","STOCK","FAM","BALBM","Unpassaged","HK68BALB","BALB/C","Stock",4,23,0.97
6779,"M","STOCK","FAM","BALBM","Unpassaged","HK68BALB","BALB/C","Stock",4,26,0.98
7068,"F","STOCK","FAM","BL6F","Unpassaged","HK68BL6","C57BL/6","Stock",4,22.8,0.99
7069,"F","STOCK","FAM","BL6F","Unpassaged","HK68BL6","C57BL/6","Stock",4,19.7,0.93
7070,"F","STOCK","FAM","BL6F","Unpassaged","HK68BL6","C57BL/6","Stock",4,18.2,0.85
7071,"F","STOCK","FAM","BL6F","Unpassaged","HK68BL6","C57BL/6","Stock",4,18.5,0.96
7072,"F","STOCK","FAM","BL6F","Unpassaged","HK68BL6","C57BL/6","Stock",4,19.7,0.9
10541,"F","1X","UNF","BALBF","Passaged","BALBintoBL6","C57BL/6","A",5,21.4,0.94
10719,"F","1X","UNF","BALBF","Passaged","BALBintoBL6","C57BL/6","A",5,18.9,0.97
10725,"F","1X","UNF","BALBF","Passaged","BALBintoBL6","C57BL/6","B",5,13.5,0.73
10554,"F","1X","UNF","BALBF","Passaged","BALBintoBL6","C57BL/6","B",5,16.5,0.79
10709,"F","1X","UNF","BALBF","Passaged","BALBintoBL6","C57BL/6","C",5,12.8,0.72
10713,"F","1X","UNF","BALBF","Passaged","BALBintoBL6","C57BL/6","C",5,12.6,0.73
10733,"F","1X","UNF","BALBF","Passaged","BALBintoBL6","C57BL/6","D",5,16.6,0.83
10717,"F","1X","UNF","BALBF","Passaged","BALBintoBL6","C57BL/6","D",5,17.9,0.93
10712,"F","1XP","UNF","BALBF","Passaged","BALBintoBL6","C57BL/6","A+B+C+D",5,13.6,0.74
10476,"F","1XP","UNF","BALBF","Passaged","BALBintoBL6","C57BL/6","A+B+C+D",5,15.5,0.77
10589,"F","1XP","UNF","BALBF","Passaged","BALBintoBL6","C57BL/6","A+B+C+D",5,17.6,0.83
10708,"F","2X","UNF","BALBF","Passaged","BALBintoBL6","C57BL/6","AB",5,14.4,0.77
10542,"F","2X","UNF","BALBF","Passaged","BALBintoBL6","C57BL/6","AB",5,24.3,0.99
10555,"F","2X","UNF","BALBF","Passaged","BALBintoBL6","C57BL/6","AB",5,19,0.84
10670,"F","2X","UNF","BALBF","Passaged","BALBintoBL6","C57BL/6","AB",5,16.1,0.98
10722,"F","2X","UNF","BALBF","Passaged","BALBintoBL6","C57BL/6","CD",5,14.5,0.76
10714,"F","2X","UNF","BALBF","Passaged","BALBintoBL6","C57BL/6","CD",5,16.6,0.93
10718,"F","2X","UNF","BALBF","Passaged","BALBintoBL6","C57BL/6","CD",5,18.1,0.94
10543,"F","4X","UNF","BALBF","Passaged","BALBintoBL6","C57BL/6","ABCD",5,21,0.77
10671,"F","4X","UNF","BALBF","Passaged","BALBintoBL6","C57BL/6","ABCD",5,13.8,0.74
10715,"F","4X","UNF","BALBF","Passaged","BALBintoBL6","C57BL/6","ABCD",5,13,0.72
10466,"F","4X","UNF","BALBF","Passaged","BALBintoBL6","C57BL/6","ABCD",5,20.3,0.97
10659,"F","1X","UNF","BL6F","Passaged","BL6intoBALB","BALB/C","E",5,18.5,0.89
10680,"F","1X","UNF","BL6F","Passaged","BL6intoBALB","BALB/C","E",5,16.1,0.83
10778,"F","1X","UNF","BL6F","Passaged","BL6intoBALB","BALB/C","F",5,19,0.84
10786,"F","1X","UNF","BL6F","Passaged","BL6intoBALB","BALB/C","F",5,20.5,0.91
10575,"F","1X","UNF","BL6F","Passaged","BL6intoBALB","BALB/C","G",5,19.6,0.83
10611,"F","1X","UNF","BL6F","Passaged","BL6intoBALB","BALB/C","G",5,19.3,0.87
10787,"F","1X","UNF","BL6F","Passaged","BL6intoBALB","BALB/C","H",5,18.3,0.9
10796,"F","1X","UNF","BL6F","Passaged","BL6intoBALB","BALB/C","H",5,21.5,0.93
10679,"F","1XP","UNF","BL6F","Passaged","BL6intoBALB","BALB/C","E+F+G+H",5,15.1,0.79
10782,"F","1XP","UNF","BL6F","Passaged","BL6intoBALB","BALB/C","E+F+G+H",5,16.4,0.82
10577,"F","1XP","UNF","BL6F","Passaged","BL6intoBALB","BALB/C","E+F+G+H",5,19.4,0.85
10780,"F","1XP","UNF","BL6F","Passaged","BL6intoBALB","BALB/C","E+F+G+H",5,18.1,0.85
10784,"F","1XP","UNF","BL6F","Passaged","BL6intoBALB","BALB/C","E+F+G+H",5,19,0.87
10794,"F","1XP","UNF","BL6F","Passaged","BL6intoBALB","BALB/C","E+F+G+H",5,19.7,0.85
10576,"F","4X","UNF","BL6F","Passaged","BL6intoBALB","BALB/C","EFGH",5,18.7,0.86
10660,"F","4X","UNF","BL6F","Passaged","BL6intoBALB","BALB/C","EFGH",5,19.6,0.91
10681,"F","4X","UNF","BL6F","Passaged","BL6intoBALB","BALB/C","EFGH",5,21.6,0.89
10779,"F","4X","UNF","BL6F","Passaged","BL6intoBALB","BALB/C","EFGH",5,19.4,0.88
10783,"F","4X","UNF","BL6F","Passaged","BL6intoBALB","BALB/C","EFGH",5,19.1,0.89
10789,"F","4X","UNF","BL6F","Passaged","BL6intoBALB","BALB/C","EFGH",5,20.4,0.85
10453,"F","1X","FAM","BALBF","Passaged","HK68BALB","BALB/C","A",5,19.2,0.88
10563,"F","1X","FAM","BALBF","Passaged","HK68BALB","BALB/C","A",5,16.5,0.77
10362,"F","1X","FAM","BALBF","Passaged","HK68BALB","BALB/C","B",5,15.8,0.74
10618,"F","1X","FAM","BALBF","Passaged","HK68BALB","BALB/C","B",5,16,0.77
10633,"F","1X","FAM","BALBF","Passaged","HK68BALB","BALB/C","C",5,17.2,0.8
10628,"F","1X","FAM","BALBF","Passaged","HK68BALB","BALB/C","C",5,15.7,0.78
10567,"F","1X","FAM","BALBF","Passaged","HK68BALB","BALB/C","D",5,14.7,0.77
10638,"F","1X","FAM","BALBF","Passaged","HK68BALB","BALB/C","D",5,15.1,0.79
10328,"M","1X","FAM","BALBM","Passaged","HK68BALB","BALB/C","I",5,31,0.91
10579,"M","1X","FAM","BALBM","Passaged","HK68BALB","BALB/C","I",5,24.3,0.93
10290,"M","1X","FAM","BALBM","Passaged","HK68BALB","BALB/C","J",5,25.9,0.93
10666,"M","1X","FAM","BALBM","Passaged","HK68BALB","BALB/C","J",5,22.8,0.94
10568,"M","1X","FAM","BALBM","Passaged","HK68BALB","BALB/C","K",5,27.8,0.9
10614,"M","1X","FAM","BALBM","Passaged","HK68BALB","BALB/C","K",5,22.9,0.93
10587,"M","1X","FAM","BALBM","Passaged","HK68BALB","BALB/C","L",5,26.6,0.99
10668,"M","1X","FAM","BALBM","Passaged","HK68BALB","BALB/C","L",5,21.1,0.87
10566,"F","1XP","FAM","BALBF","Passaged","HK68BALB","BALB/C","A+B+C+D",5,16,0.76
10636,"F","1XP","FAM","BALBF","Passaged","HK68BALB","BALB/C","A+B+C+D",5,17.4,0.75
105671,"F","1XP","FAM","BALBF","Passaged","HK68BALB","BALB/C","A+B+C+D",5,19.3,0.81
10450,"F","1XP","FAM","BALBF","Passaged","HK68BALB","BALB/C","A+B+C+D",5,15.2,0.79
10621,"F","1XP","FAM","BALBF","Passaged","HK68BALB","BALB/C","A+B+C+D",5,16.6,0.79
10631,"F","1XP","FAM","BALBF","Passaged","HK68BALB","BALB/C","A+B+C+D",5,19.4,0.88
10291,"M","1XP","FAM","BALBM","Passaged","HK68BALB","BALB/C","I+J+K+L",5,23.4,0.87
10460,"M","1XP","FAM","BALBM","Passaged","HK68BALB","BALB/C","I+J+K+L",5,24.4,0.88
10588,"M","1XP","FAM","BALBM","Passaged","HK68BALB","BALB/C","I+J+K+L",5,22.7,0.87
10617,"M","1XP","FAM","BALBM","Passaged","HK68BALB","BALB/C","I+J+K+L",5,24.8,0.89
10657,"M","1XP","FAM","BALBM","Passaged","HK68BALB","BALB/C","I+J+K+L",5,18.1,0.86
10658,"M","1XP","FAM","BALBM","Passaged","HK68BALB","BALB/C","I+J+K+L",5,23.2,0.92
10454,"F","2X","FAM","BALBF","Passaged","HK68BALB","BALB/C","AB",5,18.7,0.82
10564,"F","2X","FAM","BALBF","Passaged","HK68BALB","BALB/C","AB",5,16.5,0.81
10619,"F","2X","FAM","BALBF","Passaged","HK68BALB","BALB/C","AB",5,16.8,0.8
10641,"F","2X","FAM","BALBF","Passaged","HK68BALB","BALB/C","AB",5,16.4,0.82
10629,"F","2X","FAM","BALBF","Passaged","HK68BALB","BALB/C","CD",5,15.8,0.75
10634,"F","2X","FAM","BALBF","Passaged","HK68BALB","BALB/C","CD",5,16.1,0.77
10506,"F","2X","FAM","BALBF","Passaged","HK68BALB","BALB/C","CD",5,21.2,0.96
10639,"F","2X","FAM","BALBF","Passaged","HK68BALB","BALB/C","CD",5,18.4,0.87
10271,"M","2X","FAM","BALBM","Passaged","HK68BALB","BALB/C","IJ",5,28.2,0.91
10329,"M","2X","FAM","BALBM","Passaged","HK68BALB","BALB/C","IJ",5,31,0.9
10656,"M","2X","FAM","BALBM","Passaged","HK68BALB","BALB/C","IJ",5,21,0.89
10582,"M","2X","FAM","BALBM","Passaged","HK68BALB","BALB/C","KL",5,20.3,0.81
10615,"M","2X","FAM","BALBM","Passaged","HK68BALB","BALB/C","KL",5,24.1,0.88
10569,"M","2X","FAM","BALBM","Passaged","HK68BALB","BALB/C","KL",5,26.9,0.94
10620,"F","4X","FAM","BALBF","Passaged","HK68BALB","BALB/C","ABCD",5,15.5,0.73
10635,"F","4X","FAM","BALBF","Passaged","HK68BALB","BALB/C","ABCD",5,14.2,0.75
10645,"F","4X","FAM","BALBF","Passaged","HK68BALB","BALB/C","ABCD",5,15.7,0.77
10646,"F","4X","FAM","BALBF","Passaged","HK68BALB","BALB/C","ABCD",5,15.3,0.77
10455,"F","4X","FAM","BALBF","Passaged","HK68BALB","BALB/C","ABCD",5,17.2,0.81
10630,"F","4X","FAM","BALBF","Passaged","HK68BALB","BALB/C","ABCD",5,17.8,0.8
10570,"M","4X","FAM","BALBM","Passaged","HK68BALB","BALB/C","IJKL",5,24,0.83
10292,"M","4X","FAM","BALBM","Passaged","HK68BALB","BALB/C","IJKL",5,24.2,0.83
10333,"M","4X","FAM","BALBM","Passaged","HK68BALB","BALB/C","IJKL",5,28.7,0.97
10338,"M","4X","FAM","BALBM","Passaged","HK68BALB","BALB/C","IJKL",5,36.2,0.93
10342,"M","4X","FAM","BALBM","Passaged","HK68BALB","BALB/C","IJKL",5,27.4,0.95
10616,"M","4X","FAM","BALBM","Passaged","HK68BALB","BALB/C","IJKL",5,26.8,0.97
10652,"F","STOCK","FAM","BALBF","Unpassaged","HK68BALB","BALB/C","Stock",5,21.3,0.95
10662,"F","STOCK","FAM","BALBF","Unpassaged","HK68BALB","BALB/C","Stock",5,18.8,0.95
10781,"F","STOCK","FAM","BALBF","Unpassaged","HK68BALB","BALB/C","Stock",5,23.3,0.93
10785,"F","STOCK","FAM","BALBF","Unpassaged","HK68BALB","BALB/C","Stock",5,18.2,0.93
10791,"F","STOCK","FAM","BALBF","Unpassaged","HK68BALB","BALB/C","Stock",5,22.2,0.92
10797,"F","STOCK","FAM","BALBF","Unpassaged","HK68BALB","BALB/C","Stock",5,19.7,0.96
10682,"M","STOCK","FAM","BALBM","Unpassaged","HK68BALB","BALB/C","Stock",5,26,1
10684,"M","STOCK","FAM","BALBM","Unpassaged","HK68BALB","BALB/C","Stock",5,24,0.98
10685,"M","STOCK","FAM","BALBM","Unpassaged","HK68BALB","BALB/C","Stock",5,24.5,1.02
10686,"M","STOCK","FAM","BALBM","Unpassaged","HK68BALB","BALB/C","Stock",5,24,0.99
10687,"M","STOCK","FAM","BALBM","Unpassaged","HK68BALB","BALB/C","Stock",5,23.9,0.98
10688,"M","STOCK","FAM","BALBM","Unpassaged","HK68BALB","BALB/C","Stock",5,24.1,0.99
10743,"F","1X","FAM","BL6F","Passaged","HK68BL6","C57BL/6","E",5,16.3,0.77
10737,"F","1X","FAM","BL6F","Passaged","HK68BL6","C57BL/6","E",5,17,0.82
10768,"F","1X","FAM","BL6F","Passaged","HK68BL6","C57BL/6","F",5,19.8,0.98
10773,"F","1X","FAM","BL6F","Passaged","HK68BL6","C57BL/6","F",5,18.5,0.94
10753,"F","1X","FAM","BL6F","Passaged","HK68BL6","C57BL/6","G",5,18.8,0.94
10763,"F","1X","FAM","BL6F","Passaged","HK68BL6","C57BL/6","G",5,19.7,0.99
10757,"F","1X","FAM","BL6F","Passaged","HK68BL6","C57BL/6","H",5,21.3,0.99
10777,"F","1X","FAM","BL6F","Passaged","HK68BL6","C57BL/6","H",5,18.8,0.99
10766,"F","1XP","FAM","BL6F","Passaged","HK68BL6","C57BL/6","E+F+G+H",5,15.5,0.76
10775,"F","1XP","FAM","BL6F","Passaged","HK68BL6","C57BL/6","E+F+G+H",5,17.1,0.76
10756,"F","1XP","FAM","BL6F","Passaged","HK68BL6","C57BL/6","E+F+G+H",5,15.5,0.78
10771,"F","1XP","FAM","BL6F","Passaged","HK68BL6","C57BL/6","E+F+G+H",5,16,0.82
10746,"F","1XP","FAM","BL6F","Passaged","HK68BL6","C57BL/6","E+F+G+H",5,17.3,0.85
10740,"F","1XP","FAM","BL6F","Passaged","HK68BL6","C57BL/6","E+F+G+H",5,19.7,0.97
10769,"F","2X","FAM","BL6F","Passaged","HK68BL6","C57BL/6","EF",5,14.8,0.77
10738,"F","2X","FAM","BL6F","Passaged","HK68BL6","C57BL/6","EF",5,16.2,0.78
10744,"F","2X","FAM","BL6F","Passaged","HK68BL6","C57BL/6","EF",5,15.9,0.79
10774,"F","2X","FAM","BL6F","Passaged","HK68BL6","C57BL/6","EF",5,18,0.87
10754,"F","2X","FAM","BL6F","Passaged","HK68BL6","C57BL/6","GH",5,16.6,0.86
10762,"F","2X","FAM","BL6F","Passaged","HK68BL6","C57BL/6","GH",5,18.4,1.01
10764,"F","2X","FAM","BL6F","Passaged","HK68BL6","C57BL/6","GH",5,18.8,0.87
10772,"F","2X","FAM","BL6F","Passaged","HK68BL6","C57BL/6","GH",5,16.1,0.85
10765,"F","4X","FAM","BL6F","Passaged","HK68BL6","C57BL/6","EFGH",5,18.3,0.85
10760,"F","4X","FAM","BL6F","Passaged","HK68BL6","C57BL/6","EFGH",5,16.9,0.85
10739,"F","4X","FAM","BL6F","Passaged","HK68BL6","C57BL/6","EFGH",5,17.7,0.84
10745,"F","4X","FAM","BL6F","Passaged","HK68BL6","C57BL/6","EFGH",5,18.5,0.85
10755,"F","4X","FAM","BL6F","Passaged","HK68BL6","C57BL/6","EFGH",5,17,0.87
10776,"F","4X","FAM","BL6F","Passaged","HK68BL6","C57BL/6","EFGH",5,18.8,0.97
8335,"F","STOCK","FAM","BL6F","Unpassaged","HK68BL6","C57BL/6","Stock",5,17.9,0.86
8336,"F","STOCK","FAM","BL6F","Unpassaged","HK68BL6","C57BL/6","Stock",5,18.7,0.84
8337,"F","STOCK","FAM","BL6F","Unpassaged","HK68BL6","C57BL/6","Stock",5,19.8,0.99
8338,"F","STOCK","FAM","BL6F","Unpassaged","HK68BL6","C57BL/6","Stock",5,18.6,0.89
8339,"F","STOCK","FAM","BL6F","Unpassaged","HK68BL6","C57BL/6","Stock",5,20.2,0.96
6642,"F","STOCK","FAM","BALBF","Unpassaged","HK68BALB","BALB/C","Stock",5,23.8,0.92
6774,"F","STOCK","FAM","BALBF","Unpassaged","HK68BALB","BALB/C","Stock",5,18.8,0.97
6827,"F","STOCK","FAM","BALBF","Unpassaged","HK68BALB","BALB/C","Stock",5,18.3,0.97
6828,"F","STOCK","FAM","BALBF","Unpassaged","HK68BALB","BALB/C","Stock",5,19.5,0.93
10605,"M","STOCK","FAM","BALBM","Unpassaged","HK68BALB","BALB/C","Stock",5,27.5,0.96
6831,"M","STOCK","FAM","BALBM","Unpassaged","HK68BALB","BALB/C","Stock",5,23.4,0.99
6779,"M","STOCK","FAM","BALBM","Unpassaged","HK68BALB","BALB/C","Stock",5,26.4,1
7068,"F","STOCK","FAM","BL6F","Unpassaged","HK68BL6","C57BL/6","Stock",5,22.9,1
7069,"F","STOCK","FAM","BL6F","Unpassaged","HK68BL6","C57BL/6","Stock",5,19.8,0.93
7070,"F","STOCK","FAM","BL6F","Unpassaged","HK68BL6","C57BL/6","Stock",5,18.6,0.87
7071,"F","STOCK","FAM","BL6F","Unpassaged","HK68BL6","C57BL/6","Stock",5,18.4,0.95
7072,"F","STOCK","FAM","BL6F","Unpassaged","HK68BL6","C57BL/6","Stock",5,20,0.91
10541,"F","1X","UNF","BALBF","Passaged","BALBintoBL6","C57BL/6","A",6,21.2,0.93
10719,"F","1X","UNF","BALBF","Passaged","BALBintoBL6","C57BL/6","A",6,19.1,0.98
10554,"F","1X","UNF","BALBF","Passaged","BALBintoBL6","C57BL/6","B",6,16.1,0.77
10733,"F","1X","UNF","BALBF","Passaged","BALBintoBL6","C57BL/6","D",6,15.5,0.78
10717,"F","1X","UNF","BALBF","Passaged","BALBintoBL6","C57BL/6","D",6,18.3,0.95
10476,"F","1XP","UNF","BALBF","Passaged","BALBintoBL6","C57BL/6","A+B+C+D",6,15,0.75
10589,"F","1XP","UNF","BALBF","Passaged","BALBintoBL6","C57BL/6","A+B+C+D",6,17.5,0.83
10708,"F","2X","UNF","BALBF","Passaged","BALBintoBL6","C57BL/6","AB",6,13.7,0.73
10542,"F","2X","UNF","BALBF","Passaged","BALBintoBL6","C57BL/6","AB",6,23.6,0.96
10555,"F","2X","UNF","BALBF","Passaged","BALBintoBL6","C57BL/6","AB",6,18.5,0.81
10670,"F","2X","UNF","BALBF","Passaged","BALBintoBL6","C57BL/6","AB",6,15.9,0.97
10722,"F","2X","UNF","BALBF","Passaged","BALBintoBL6","C57BL/6","CD",6,13.8,0.72
10714,"F","2X","UNF","BALBF","Passaged","BALBintoBL6","C57BL/6","CD",6,15.7,0.88
10718,"F","2X","UNF","BALBF","Passaged","BALBintoBL6","C57BL/6","CD",6,17,0.89
10543,"F","4X","UNF","BALBF","Passaged","BALBintoBL6","C57BL/6","ABCD",6,20.2,0.74
10466,"F","4X","UNF","BALBF","Passaged","BALBintoBL6","C57BL/6","ABCD",6,20.1,0.96
10659,"F","1X","UNF","BL6F","Passaged","BL6intoBALB","BALB/C","E",6,17.9,0.86
10680,"F","1X","UNF","BL6F","Passaged","BL6intoBALB","BALB/C","E",6,15.9,0.82
10778,"F","1X","UNF","BL6F","Passaged","BL6intoBALB","BALB/C","F",6,18.2,0.81
10786,"F","1X","UNF","BL6F","Passaged","BL6intoBALB","BALB/C","F",6,21,0.93
10575,"F","1X","UNF","BL6F","Passaged","BL6intoBALB","BALB/C","G",6,18.5,0.78
10611,"F","1X","UNF","BL6F","Passaged","BL6intoBALB","BALB/C","G",6,18.4,0.83
10787,"F","1X","UNF","BL6F","Passaged","BL6intoBALB","BALB/C","H",6,18.4,0.9
10796,"F","1X","UNF","BL6F","Passaged","BL6intoBALB","BALB/C","H",6,20.9,0.9
10679,"F","1XP","UNF","BL6F","Passaged","BL6intoBALB","BALB/C","E+F+G+H",6,13.8,0.72
10782,"F","1XP","UNF","BL6F","Passaged","BL6intoBALB","BALB/C","E+F+G+H",6,15.2,0.76
10577,"F","1XP","UNF","BL6F","Passaged","BL6intoBALB","BALB/C","E+F+G+H",6,18.3,0.8
10780,"F","1XP","UNF","BL6F","Passaged","BL6intoBALB","BALB/C","E+F+G+H",6,17.1,0.8
10784,"F","1XP","UNF","BL6F","Passaged","BL6intoBALB","BALB/C","E+F+G+H",6,17.7,0.81
10794,"F","1XP","UNF","BL6F","Passaged","BL6intoBALB","BALB/C","E+F+G+H",6,18.1,0.78
10576,"F","4X","UNF","BL6F","Passaged","BL6intoBALB","BALB/C","EFGH",6,19.2,0.88
10660,"F","4X","UNF","BL6F","Passaged","BL6intoBALB","BALB/C","EFGH",6,19.1,0.88
10681,"F","4X","UNF","BL6F","Passaged","BL6intoBALB","BALB/C","EFGH",6,21.1,0.87
10779,"F","4X","UNF","BL6F","Passaged","BL6intoBALB","BALB/C","EFGH",6,19.1,0.86
10783,"F","4X","UNF","BL6F","Passaged","BL6intoBALB","BALB/C","EFGH",6,18.6,0.87
10789,"F","4X","UNF","BL6F","Passaged","BL6intoBALB","BALB/C","EFGH",6,20.6,0.86
10453,"F","1X","FAM","BALBF","Passaged","HK68BALB","BALB/C","A",6,18.8,0.86
10563,"F","1X","FAM","BALBF","Passaged","HK68BALB","BALB/C","A",6,16.4,0.77
10618,"F","1X","FAM","BALBF","Passaged","HK68BALB","BALB/C","B",6,15.8,0.76
10633,"F","1X","FAM","BALBF","Passaged","HK68BALB","BALB/C","C",6,16.3,0.76
10628,"F","1X","FAM","BALBF","Passaged","HK68BALB","BALB/C","C",6,15.2,0.76
10567,"F","1X","FAM","BALBF","Passaged","HK68BALB","BALB/C","D",6,14.9,0.78
10638,"F","1X","FAM","BALBF","Passaged","HK68BALB","BALB/C","D",6,14.5,0.76
10328,"M","1X","FAM","BALBM","Passaged","HK68BALB","BALB/C","I",6,30.6,0.89
10579,"M","1X","FAM","BALBM","Passaged","HK68BALB","BALB/C","I",6,24.2,0.93
10290,"M","1X","FAM","BALBM","Passaged","HK68BALB","BALB/C","J",6,25.9,0.93
10666,"M","1X","FAM","BALBM","Passaged","HK68BALB","BALB/C","J",6,23.1,0.95
10568,"M","1X","FAM","BALBM","Passaged","HK68BALB","BALB/C","K",6,27.2,0.88
10614,"M","1X","FAM","BALBM","Passaged","HK68BALB","BALB/C","K",6,22.5,0.91
10587,"M","1X","FAM","BALBM","Passaged","HK68BALB","BALB/C","L",6,25,0.93
10668,"M","1X","FAM","BALBM","Passaged","HK68BALB","BALB/C","L",6,19.9,0.82
10566,"F","1XP","FAM","BALBF","Passaged","HK68BALB","BALB/C","A+B+C+D",6,15,0.71
105671,"F","1XP","FAM","BALBF","Passaged","HK68BALB","BALB/C","A+B+C+D",6,18.2,0.76
10450,"F","1XP","FAM","BALBF","Passaged","HK68BALB","BALB/C","A+B+C+D",6,14.8,0.77
10621,"F","1XP","FAM","BALBF","Passaged","HK68BALB","BALB/C","A+B+C+D",6,16.4,0.78
10631,"F","1XP","FAM","BALBF","Passaged","HK68BALB","BALB/C","A+B+C+D",6,19.3,0.88
10291,"M","1XP","FAM","BALBM","Passaged","HK68BALB","BALB/C","I+J+K+L",6,22.9,0.85
10460,"M","1XP","FAM","BALBM","Passaged","HK68BALB","BALB/C","I+J+K+L",6,23.1,0.84
10588,"M","1XP","FAM","BALBM","Passaged","HK68BALB","BALB/C","I+J+K+L",6,22.2,0.85
10617,"M","1XP","FAM","BALBM","Passaged","HK68BALB","BALB/C","I+J+K+L",6,24,0.86
10657,"M","1XP","FAM","BALBM","Passaged","HK68BALB","BALB/C","I+J+K+L",6,17.4,0.83
10658,"M","1XP","FAM","BALBM","Passaged","HK68BALB","BALB/C","I+J+K+L",6,21.7,0.86
10454,"F","2X","FAM","BALBF","Passaged","HK68BALB","BALB/C","AB",6,18,0.79
10564,"F","2X","FAM","BALBF","Passaged","HK68BALB","BALB/C","AB",6,16.1,0.79
10619,"F","2X","FAM","BALBF","Passaged","HK68BALB","BALB/C","AB",6,16,0.76
10641,"F","2X","FAM","BALBF","Passaged","HK68BALB","BALB/C","AB",6,15.7,0.79
10629,"F","2X","FAM","BALBF","Passaged","HK68BALB","BALB/C","CD",6,15.2,0.72
10634,"F","2X","FAM","BALBF","Passaged","HK68BALB","BALB/C","CD",6,15.5,0.75
10506,"F","2X","FAM","BALBF","Passaged","HK68BALB","BALB/C","CD",6,20,0.9
10639,"F","2X","FAM","BALBF","Passaged","HK68BALB","BALB/C","CD",6,18.2,0.86
10271,"M","2X","FAM","BALBM","Passaged","HK68BALB","BALB/C","IJ",6,28.1,0.91
10329,"M","2X","FAM","BALBM","Passaged","HK68BALB","BALB/C","IJ",6,30.4,0.88
10656,"M","2X","FAM","BALBM","Passaged","HK68BALB","BALB/C","IJ",6,20.2,0.86
10582,"M","2X","FAM","BALBM","Passaged","HK68BALB","BALB/C","KL",6,19.3,0.77
10615,"M","2X","FAM","BALBM","Passaged","HK68BALB","BALB/C","KL",6,22.6,0.82
10569,"M","2X","FAM","BALBM","Passaged","HK68BALB","BALB/C","KL",6,25.8,0.9
10645,"F","4X","FAM","BALBF","Passaged","HK68BALB","BALB/C","ABCD",6,14.8,0.73
10646,"F","4X","FAM","BALBF","Passaged","HK68BALB","BALB/C","ABCD",6,14.6,0.73
10455,"F","4X","FAM","BALBF","Passaged","HK68BALB","BALB/C","ABCD",6,16.6,0.78
10630,"F","4X","FAM","BALBF","Passaged","HK68BALB","BALB/C","ABCD",6,17,0.76
10570,"M","4X","FAM","BALBM","Passaged","HK68BALB","BALB/C","IJKL",6,23.1,0.8
10292,"M","4X","FAM","BALBM","Passaged","HK68BALB","BALB/C","IJKL",6,23,0.78
10333,"M","4X","FAM","BALBM","Passaged","HK68BALB","BALB/C","IJKL",6,28.6,0.97
10338,"M","4X","FAM","BALBM","Passaged","HK68BALB","BALB/C","IJKL",6,35.8,0.92
10342,"M","4X","FAM","BALBM","Passaged","HK68BALB","BALB/C","IJKL",6,27.4,0.95
10616,"M","4X","FAM","BALBM","Passaged","HK68BALB","BALB/C","IJKL",6,26.1,0.95
10652,"F","STOCK","FAM","BALBF","Unpassaged","HK68BALB","BALB/C","Stock",6,21.4,0.96
10662,"F","STOCK","FAM","BALBF","Unpassaged","HK68BALB","BALB/C","Stock",6,19.2,0.97
10781,"F","STOCK","FAM","BALBF","Unpassaged","HK68BALB","BALB/C","Stock",6,23,0.92
10785,"F","STOCK","FAM","BALBF","Unpassaged","HK68BALB","BALB/C","Stock",6,18.5,0.94
10791,"F","STOCK","FAM","BALBF","Unpassaged","HK68BALB","BALB/C","Stock",6,22.1,0.92
10797,"F","STOCK","FAM","BALBF","Unpassaged","HK68BALB","BALB/C","Stock",6,19.4,0.94
10682,"M","STOCK","FAM","BALBM","Unpassaged","HK68BALB","BALB/C","Stock",6,26,1
10684,"M","STOCK","FAM","BALBM","Unpassaged","HK68BALB","BALB/C","Stock",6,23.6,0.97
10685,"M","STOCK","FAM","BALBM","Unpassaged","HK68BALB","BALB/C","Stock",6,24.3,1.01
10686,"M","STOCK","FAM","BALBM","Unpassaged","HK68BALB","BALB/C","Stock",6,23.6,0.98
10687,"M","STOCK","FAM","BALBM","Unpassaged","HK68BALB","BALB/C","Stock",6,23.9,0.98
10688,"M","STOCK","FAM","BALBM","Unpassaged","HK68BALB","BALB/C","Stock",6,24.2,1
10743,"F","1X","FAM","BL6F","Passaged","HK68BL6","C57BL/6","E",6,15.5,0.73
10737,"F","1X","FAM","BL6F","Passaged","HK68BL6","C57BL/6","E",6,16.5,0.79
10768,"F","1X","FAM","BL6F","Passaged","HK68BL6","C57BL/6","F",6,19.7,0.98
10773,"F","1X","FAM","BL6F","Passaged","HK68BL6","C57BL/6","F",6,18.7,0.95
10753,"F","1X","FAM","BL6F","Passaged","HK68BL6","C57BL/6","G",6,17.6,0.88
10763,"F","1X","FAM","BL6F","Passaged","HK68BL6","C57BL/6","G",6,19.9,1.01
10757,"F","1X","FAM","BL6F","Passaged","HK68BL6","C57BL/6","H",6,20.8,0.97
10777,"F","1X","FAM","BL6F","Passaged","HK68BL6","C57BL/6","H",6,18.5,0.97
10766,"F","1XP","FAM","BL6F","Passaged","HK68BL6","C57BL/6","E+F+G+H",6,14.8,0.73
10775,"F","1XP","FAM","BL6F","Passaged","HK68BL6","C57BL/6","E+F+G+H",6,16.5,0.74
10756,"F","1XP","FAM","BL6F","Passaged","HK68BL6","C57BL/6","E+F+G+H",6,14.9,0.75
10771,"F","1XP","FAM","BL6F","Passaged","HK68BL6","C57BL/6","E+F+G+H",6,15.1,0.77
10746,"F","1XP","FAM","BL6F","Passaged","HK68BL6","C57BL/6","E+F+G+H",6,16.4,0.8
10740,"F","1XP","FAM","BL6F","Passaged","HK68BL6","C57BL/6","E+F+G+H",6,18.8,0.92
10769,"F","2X","FAM","BL6F","Passaged","HK68BL6","C57BL/6","EF",6,14.2,0.74
10738,"F","2X","FAM","BL6F","Passaged","HK68BL6","C57BL/6","EF",6,15.7,0.76
10744,"F","2X","FAM","BL6F","Passaged","HK68BL6","C57BL/6","EF",6,15.5,0.77
10774,"F","2X","FAM","BL6F","Passaged","HK68BL6","C57BL/6","EF",6,16.9,0.82
10754,"F","2X","FAM","BL6F","Passaged","HK68BL6","C57BL/6","GH",6,16.5,0.85
10762,"F","2X","FAM","BL6F","Passaged","HK68BL6","C57BL/6","GH",6,18,0.98
10764,"F","2X","FAM","BL6F","Passaged","HK68BL6","C57BL/6","GH",6,18.5,0.85
10772,"F","2X","FAM","BL6F","Passaged","HK68BL6","C57BL/6","GH",6,15.7,0.83
10765,"F","4X","FAM","BL6F","Passaged","HK68BL6","C57BL/6","EFGH",6,17.3,0.8
10760,"F","4X","FAM","BL6F","Passaged","HK68BL6","C57BL/6","EFGH",6,16,0.8
10739,"F","4X","FAM","BL6F","Passaged","HK68BL6","C57BL/6","EFGH",6,17,0.81
10745,"F","4X","FAM","BL6F","Passaged","HK68BL6","C57BL/6","EFGH",6,17.9,0.82
10755,"F","4X","FAM","BL6F","Passaged","HK68BL6","C57BL/6","EFGH",6,16.4,0.84
10776,"F","4X","FAM","BL6F","Passaged","HK68BL6","C57BL/6","EFGH",6,18.5,0.96
8335,"F","STOCK","FAM","BL6F","Unpassaged","HK68BL6","C57BL/6","Stock",6,19.6,0.94
8336,"F","STOCK","FAM","BL6F","Unpassaged","HK68BL6","C57BL/6","Stock",6,19.7,0.88
8337,"F","STOCK","FAM","BL6F","Unpassaged","HK68BL6","C57BL/6","Stock",6,20.6,1.03
8338,"F","STOCK","FAM","BL6F","Unpassaged","HK68BL6","C57BL/6","Stock",6,19.2,0.91
8339,"F","STOCK","FAM","BL6F","Unpassaged","HK68BL6","C57BL/6","Stock",6,19.8,0.94
6642,"F","STOCK","FAM","BALBF","Unpassaged","HK68BALB","BALB/C","Stock",6,23.9,0.92
6774,"F","STOCK","FAM","BALBF","Unpassaged","HK68BALB","BALB/C","Stock",6,18.8,0.97
6827,"F","STOCK","FAM","BALBF","Unpassaged","HK68BALB","BALB/C","Stock",6,18.2,0.97
6828,"F","STOCK","FAM","BALBF","Unpassaged","HK68BALB","BALB/C","Stock",6,19.6,0.94
10605,"M","STOCK","FAM","BALBM","Unpassaged","HK68BALB","BALB/C","Stock",6,27.4,0.96
6831,"M","STOCK","FAM","BALBM","Unpassaged","HK68BALB","BALB/C","Stock",6,23.2,0.98
6779,"M","STOCK","FAM","BALBM","Unpassaged","HK68BALB","BALB/C","Stock",6,26.1,0.98
7068,"F","STOCK","FAM","BL6F","Unpassaged","HK68BL6","C57BL/6","Stock",6,23,1
7069,"F","STOCK","FAM","BL6F","Unpassaged","HK68BL6","C57BL/6","Stock",6,20.2,0.95
7070,"F","STOCK","FAM","BL6F","Unpassaged","HK68BL6","C57BL/6","Stock",6,18.9,0.89
7071,"F","STOCK","FAM","BL6F","Unpassaged","HK68BL6","C57BL/6","Stock",6,18.7,0.97
7072,"F","STOCK","FAM","BL6F","Unpassaged","HK68BL6","C57BL/6","Stock",6,20.7,0.94
10541,"F","1X","UNF","BALBF","Passaged","BALBintoBL6","C57BL/6","A",7,21.9,0.96
10719,"F","1X","UNF","BALBF","Passaged","BALBintoBL6","C57BL/6","A",7,19.1,0.98
10554,"F","1X","UNF","BALBF","Passaged","BALBintoBL6","C57BL/6","B",7,15.7,0.75
10733,"F","1X","UNF","BALBF","Passaged","BALBintoBL6","C57BL/6","D",7,14.6,0.73
10717,"F","1X","UNF","BALBF","Passaged","BALBintoBL6","C57BL/6","D",7,19.6,1.02
10476,"F","1XP","UNF","BALBF","Passaged","BALBintoBL6","C57BL/6","A+B+C+D",7,14.2,0.71
10589,"F","1XP","UNF","BALBF","Passaged","BALBintoBL6","C57BL/6","A+B+C+D",7,16.6,0.79
10708,"F","2X","UNF","BALBF","Passaged","BALBintoBL6","C57BL/6","AB",7,13,0.69
10542,"F","2X","UNF","BALBF","Passaged","BALBintoBL6","C57BL/6","AB",7,23.9,0.97
10555,"F","2X","UNF","BALBF","Passaged","BALBintoBL6","C57BL/6","AB",7,18.6,0.82
10670,"F","2X","UNF","BALBF","Passaged","BALBintoBL6","C57BL/6","AB",7,16.3,0.99
10714,"F","2X","UNF","BALBF","Passaged","BALBintoBL6","C57BL/6","CD",7,14.5,0.81
10718,"F","2X","UNF","BALBF","Passaged","BALBintoBL6","C57BL/6","CD",7,16,0.83
10466,"F","4X","UNF","BALBF","Passaged","BALBintoBL6","C57BL/6","ABCD",7,18,0.86
10659,"F","1X","UNF","BL6F","Passaged","BL6intoBALB","BALB/C","E",7,17.9,0.86
10680,"F","1X","UNF","BL6F","Passaged","BL6intoBALB","BALB/C","E",7,16.3,0.84
10778,"F","1X","UNF","BL6F","Passaged","BL6intoBALB","BALB/C","F",7,18.4,0.82
10786,"F","1X","UNF","BL6F","Passaged","BL6intoBALB","BALB/C","F",7,21,0.93
10575,"F","1X","UNF","BL6F","Passaged","BL6intoBALB","BALB/C","G",7,18,0.76
10611,"F","1X","UNF","BL6F","Passaged","BL6intoBALB","BALB/C","G",7,18.7,0.85
10787,"F","1X","UNF","BL6F","Passaged","BL6intoBALB","BALB/C","H",7,18.5,0.91
10796,"F","1X","UNF","BL6F","Passaged","BL6intoBALB","BALB/C","H",7,21.1,0.91
10782,"F","1XP","UNF","BL6F","Passaged","BL6intoBALB","BALB/C","E+F+G+H",7,14.6,0.73
10577,"F","1XP","UNF","BL6F","Passaged","BL6intoBALB","BALB/C","E+F+G+H",7,19,0.83
10780,"F","1XP","UNF","BL6F","Passaged","BL6intoBALB","BALB/C","E+F+G+H",7,17.5,0.82
10784,"F","1XP","UNF","BL6F","Passaged","BL6intoBALB","BALB/C","E+F+G+H",7,16.9,0.78
10794,"F","1XP","UNF","BL6F","Passaged","BL6intoBALB","BALB/C","E+F+G+H",7,18.6,0.8
10576,"F","4X","UNF","BL6F","Passaged","BL6intoBALB","BALB/C","EFGH",7,19.4,0.89
10660,"F","4X","UNF","BL6F","Passaged","BL6intoBALB","BALB/C","EFGH",7,19.9,0.92
10681,"F","4X","UNF","BL6F","Passaged","BL6intoBALB","BALB/C","EFGH",7,21.4,0.88
10779,"F","4X","UNF","BL6F","Passaged","BL6intoBALB","BALB/C","EFGH",7,19.5,0.88
10783,"F","4X","UNF","BL6F","Passaged","BL6intoBALB","BALB/C","EFGH",7,19.3,0.9
10789,"F","4X","UNF","BL6F","Passaged","BL6intoBALB","BALB/C","EFGH",7,21.3,0.89
10453,"F","1X","FAM","BALBF","Passaged","HK68BALB","BALB/C","A",7,18.9,0.87
10563,"F","1X","FAM","BALBF","Passaged","HK68BALB","BALB/C","A",7,16.5,0.77
10618,"F","1X","FAM","BALBF","Passaged","HK68BALB","BALB/C","B",7,16.4,0.78
10633,"F","1X","FAM","BALBF","Passaged","HK68BALB","BALB/C","C",7,15.5,0.72
10628,"F","1X","FAM","BALBF","Passaged","HK68BALB","BALB/C","C",7,15.2,0.76
10567,"F","1X","FAM","BALBF","Passaged","HK68BALB","BALB/C","D",7,14.9,0.78
10638,"F","1X","FAM","BALBF","Passaged","HK68BALB","BALB/C","D",7,14.3,0.75
10328,"M","1X","FAM","BALBM","Passaged","HK68BALB","BALB/C","I",7,30.9,0.9
10579,"M","1X","FAM","BALBM","Passaged","HK68BALB","BALB/C","I",7,24.7,0.95
10290,"M","1X","FAM","BALBM","Passaged","HK68BALB","BALB/C","J",7,26.5,0.95
10666,"M","1X","FAM","BALBM","Passaged","HK68BALB","BALB/C","J",7,23.3,0.96
10568,"M","1X","FAM","BALBM","Passaged","HK68BALB","BALB/C","K",7,27.2,0.88
10614,"M","1X","FAM","BALBM","Passaged","HK68BALB","BALB/C","K",7,22.3,0.91
10587,"M","1X","FAM","BALBM","Passaged","HK68BALB","BALB/C","L",7,24.6,0.91
10668,"M","1X","FAM","BALBM","Passaged","HK68BALB","BALB/C","L",7,19.6,0.81
105671,"F","1XP","FAM","BALBF","Passaged","HK68BALB","BALB/C","A+B+C+D",7,17.8,0.75
10450,"F","1XP","FAM","BALBF","Passaged","HK68BALB","BALB/C","A+B+C+D",7,14.7,0.76
10621,"F","1XP","FAM","BALBF","Passaged","HK68BALB","BALB/C","A+B+C+D",7,16.4,0.78
10631,"F","1XP","FAM","BALBF","Passaged","HK68BALB","BALB/C","A+B+C+D",7,20,0.91
10291,"M","1XP","FAM","BALBM","Passaged","HK68BALB","BALB/C","I+J+K+L",7,22.7,0.84
10460,"M","1XP","FAM","BALBM","Passaged","HK68BALB","BALB/C","I+J+K+L",7,22.9,0.83
10588,"M","1XP","FAM","BALBM","Passaged","HK68BALB","BALB/C","I+J+K+L",7,21.6,0.83
10617,"M","1XP","FAM","BALBM","Passaged","HK68BALB","BALB/C","I+J+K+L",7,24.4,0.88
10657,"M","1XP","FAM","BALBM","Passaged","HK68BALB","BALB/C","I+J+K+L",7,17.1,0.81
10658,"M","1XP","FAM","BALBM","Passaged","HK68BALB","BALB/C","I+J+K+L",7,21.5,0.85
10454,"F","2X","FAM","BALBF","Passaged","HK68BALB","BALB/C","AB",7,18.1,0.8
10564,"F","2X","FAM","BALBF","Passaged","HK68BALB","BALB/C","AB",7,16.2,0.8
10619,"F","2X","FAM","BALBF","Passaged","HK68BALB","BALB/C","AB",7,16,0.76
10641,"F","2X","FAM","BALBF","Passaged","HK68BALB","BALB/C","AB",7,15.5,0.78
10506,"F","2X","FAM","BALBF","Passaged","HK68BALB","BALB/C","CD",7,19.1,0.86
10639,"F","2X","FAM","BALBF","Passaged","HK68BALB","BALB/C","CD",7,17.9,0.85
10271,"M","2X","FAM","BALBM","Passaged","HK68BALB","BALB/C","IJ",7,28.1,0.91
10329,"M","2X","FAM","BALBM","Passaged","HK68BALB","BALB/C","IJ",7,30,0.87
10656,"M","2X","FAM","BALBM","Passaged","HK68BALB","BALB/C","IJ",7,20.4,0.86
10582,"M","2X","FAM","BALBM","Passaged","HK68BALB","BALB/C","KL",7,18.1,0.72
10615,"M","2X","FAM","BALBM","Passaged","HK68BALB","BALB/C","KL",7,20.7,0.76
10569,"M","2X","FAM","BALBM","Passaged","HK68BALB","BALB/C","KL",7,25,0.87
10455,"F","4X","FAM","BALBF","Passaged","HK68BALB","BALB/C","ABCD",7,15.5,0.73
10630,"F","4X","FAM","BALBF","Passaged","HK68BALB","BALB/C","ABCD",7,16.2,0.73
10570,"M","4X","FAM","BALBM","Passaged","HK68BALB","BALB/C","IJKL",7,22.1,0.76
10292,"M","4X","FAM","BALBM","Passaged","HK68BALB","BALB/C","IJKL",7,22.6,0.77
10333,"M","4X","FAM","BALBM","Passaged","HK68BALB","BALB/C","IJKL",7,28.8,0.98
10338,"M","4X","FAM","BALBM","Passaged","HK68BALB","BALB/C","IJKL",7,35.4,0.91
10342,"M","4X","FAM","BALBM","Passaged","HK68BALB","BALB/C","IJKL",7,27.2,0.94
10616,"M","4X","FAM","BALBM","Passaged","HK68BALB","BALB/C","IJKL",7,25.9,0.94
10652,"F","STOCK","FAM","BALBF","Unpassaged","HK68BALB","BALB/C","Stock",7,22.1,0.99
10662,"F","STOCK","FAM","BALBF","Unpassaged","HK68BALB","BALB/C","Stock",7,19.3,0.97
10781,"F","STOCK","FAM","BALBF","Unpassaged","HK68BALB","BALB/C","Stock",7,23.9,0.96
10785,"F","STOCK","FAM","BALBF","Unpassaged","HK68BALB","BALB/C","Stock",7,19.1,0.97
10791,"F","STOCK","FAM","BALBF","Unpassaged","HK68BALB","BALB/C","Stock",7,21.9,0.91
10797,"F","STOCK","FAM","BALBF","Unpassaged","HK68BALB","BALB/C","Stock",7,19.8,0.96
10682,"M","STOCK","FAM","BALBM","Unpassaged","HK68BALB","BALB/C","Stock",7,26.2,1
10684,"M","STOCK","FAM","BALBM","Unpassaged","HK68BALB","BALB/C","Stock",7,23.5,0.96
10685,"M","STOCK","FAM","BALBM","Unpassaged","HK68BALB","BALB/C","Stock",7,24.1,1
10686,"M","STOCK","FAM","BALBM","Unpassaged","HK68BALB","BALB/C","Stock",7,23.3,0.96
10687,"M","STOCK","FAM","BALBM","Unpassaged","HK68BALB","BALB/C","Stock",7,23.7,0.97
10688,"M","STOCK","FAM","BALBM","Unpassaged","HK68BALB","BALB/C","Stock",7,24.1,0.99
10737,"F","1X","FAM","BL6F","Passaged","HK68BL6","C57BL/6","E",7,16.1,0.77
10768,"F","1X","FAM","BL6F","Passaged","HK68BL6","C57BL/6","F",7,19.2,0.95
10773,"F","1X","FAM","BL6F","Passaged","HK68BL6","C57BL/6","F",7,18.4,0.94
10753,"F","1X","FAM","BL6F","Passaged","HK68BL6","C57BL/6","G",7,17,0.85
10763,"F","1X","FAM","BL6F","Passaged","HK68BL6","C57BL/6","G",7,20,1.01
10757,"F","1X","FAM","BL6F","Passaged","HK68BL6","C57BL/6","H",7,20.9,0.97
10777,"F","1X","FAM","BL6F","Passaged","HK68BL6","C57BL/6","H",7,18.3,0.96
10756,"F","1XP","FAM","BL6F","Passaged","HK68BL6","C57BL/6","E+F+G+H",7,14.2,0.72
10771,"F","1XP","FAM","BL6F","Passaged","HK68BL6","C57BL/6","E+F+G+H",7,14.4,0.73
10746,"F","1XP","FAM","BL6F","Passaged","HK68BL6","C57BL/6","E+F+G+H",7,15.5,0.76
10740,"F","1XP","FAM","BL6F","Passaged","HK68BL6","C57BL/6","E+F+G+H",7,19.3,0.95
10738,"F","2X","FAM","BL6F","Passaged","HK68BL6","C57BL/6","EF",7,14.8,0.71
10744,"F","2X","FAM","BL6F","Passaged","HK68BL6","C57BL/6","EF",7,14.6,0.73
10774,"F","2X","FAM","BL6F","Passaged","HK68BL6","C57BL/6","EF",7,16.4,0.8
10754,"F","2X","FAM","BL6F","Passaged","HK68BL6","C57BL/6","GH",7,16.6,0.86
10762,"F","2X","FAM","BL6F","Passaged","HK68BL6","C57BL/6","GH",7,18,0.98
10764,"F","2X","FAM","BL6F","Passaged","HK68BL6","C57BL/6","GH",7,18.5,0.85
10772,"F","2X","FAM","BL6F","Passaged","HK68BL6","C57BL/6","GH",7,16.3,0.86
10765,"F","4X","FAM","BL6F","Passaged","HK68BL6","C57BL/6","EFGH",7,15.9,0.74
10760,"F","4X","FAM","BL6F","Passaged","HK68BL6","C57BL/6","EFGH",7,15,0.75
10739,"F","4X","FAM","BL6F","Passaged","HK68BL6","C57BL/6","EFGH",7,15.9,0.75
10745,"F","4X","FAM","BL6F","Passaged","HK68BL6","C57BL/6","EFGH",7,16.9,0.78
10755,"F","4X","FAM","BL6F","Passaged","HK68BL6","C57BL/6","EFGH",7,15.9,0.81
10776,"F","4X","FAM","BL6F","Passaged","HK68BL6","C57BL/6","EFGH",7,18.8,0.97
8335,"F","STOCK","FAM","BL6F","Unpassaged","HK68BL6","C57BL/6","Stock",7,20.9,1
8336,"F","STOCK","FAM","BL6F","Unpassaged","HK68BL6","C57BL/6","Stock",7,21.3,0.96
8337,"F","STOCK","FAM","BL6F","Unpassaged","HK68BL6","C57BL/6","Stock",7,20.6,1.03
8338,"F","STOCK","FAM","BL6F","Unpassaged","HK68BL6","C57BL/6","Stock",7,19.5,0.93
8339,"F","STOCK","FAM","BL6F","Unpassaged","HK68BL6","C57BL/6","Stock",7,20.3,0.97
6642,"F","STOCK","FAM","BALBF","Unpassaged","HK68BALB","BALB/C","Stock",7,24.1,0.93
6774,"F","STOCK","FAM","BALBF","Unpassaged","HK68BALB","BALB/C","Stock",7,19,0.98
6827,"F","STOCK","FAM","BALBF","Unpassaged","HK68BALB","BALB/C","Stock",7,18.4,0.98
6828,"F","STOCK","FAM","BALBF","Unpassaged","HK68BALB","BALB/C","Stock",7,19.8,0.95
10605,"M","STOCK","FAM","BALBM","Unpassaged","HK68BALB","BALB/C","Stock",7,27.8,0.97
6831,"M","STOCK","FAM","BALBM","Unpassaged","HK68BALB","BALB/C","Stock",7,23.4,0.99
6779,"M","STOCK","FAM","BALBM","Unpassaged","HK68BALB","BALB/C","Stock",7,26,0.98
7068,"F","STOCK","FAM","BL6F","Unpassaged","HK68BL6","C57BL/6","Stock",7,23.1,1
7069,"F","STOCK","FAM","BL6F","Unpassaged","HK68BL6","C57BL/6","Stock",7,20.3,0.96
7070,"F","STOCK","FAM","BL6F","Unpassaged","HK68BL6","C57BL/6","Stock",7,19.3,0.91
7071,"F","STOCK","FAM","BL6F","Unpassaged","HK68BL6","C57BL/6","Stock",7,19,0.98
7072,"F","STOCK","FAM","BL6F","Unpassaged","HK68BL6","C57BL/6","Stock",7,20.9,0.95
